径山藏经编码,如是经编码,CBETA经编码,标点类型,标点来源
JS_1,RS_0246,T0220,新式標點,眾生出版社提供新式標點
JS_2,RS_0247,T0221,新式標點,CBETA提供新式標點
JS_3,RS_0249,T0223,新式標點,CBETA提供新式標點
JS_4,RS_0248,T0222,新式標點,MichelleYuandKitty提供新式標點
JS_5,RS_0250,T0224,新式標點,佛教電腦資訊庫功德會提供新式標點
JS_6,RS_0253,T0227,新式標點,佛教電腦資訊庫功德會提供新式標點
JS_7,RS_0252,T0226,新式標點,CBETA提供新式標點
JS_8,RS_0251,T0225,新式標點,CBETA提供新式標點
JS_9,RS_0256,T0231,新式標點,CBETA提供新式標點
JS_10,RS_0260,T0235,新式標點,佛教電腦資訊庫功德會提供新式標點
JS_11,RS_0261,T0236a,新式標點,佛教電腦資訊庫功德會提供新式標點
JS_12,RS_0262,T0237,新式標點,佛教電腦資訊庫功德會提供新式標點
JS_13,RS_0264,T0220,新式標點,眾生出版社提供新式標點
JS_14,RS_0265,T0239,新式標點,佛教電腦資訊庫功德會提供新式標點
JS_15,RS_0263,T0238,新式標點,佛教電腦資訊庫功德會提供新式標點
JS_16,RS_0259,T0234,新式標點,CBETA提供新式標點
JS_17,RS_0271,T0245,新式標點,佛教電腦資訊庫功德會提供新式標點
JS_18,RS_0266,T0240,新式標點,CBETA提供新式標點
JS_19,RS_0278,T0250,新式標點,CBETA提供新式標點
JS_20,RS_0277,T0251,新式標點,摩訶工作室提供新式標點
JS_21,RS_0257,T0232,新式標點,CBETA提供新式標點
JS_22,RS_0258,T0233,新式標點,CBETA提供新式標點
JS_23,RS_0342,T0310,新式標點,CBETA提供新式標點
JS_24,RS_0343,T0311,新式標點,西蓮淨苑提供新式標點
JS_25,RS_0391,T0361,新式標點,毛佩君、廖予安、廖予慈大德提供新式標點
JS_26,RS_0392,T0362,新式標點,范振業大德提供新式標點
JS_27,RS_0390,T0360,新式標點,毛佩君、廖予安、廖予慈大德提供新式標點
JS_28,RS_0345,T0313,新式標點,毛佩君、廖予安、廖予慈大德提供新式標點
JS_29,RS_0346,T0314,新式標點,西蓮淨苑提供新式標點
JS_30,RS_0347,T0315b,新式標點,西蓮淨苑提供新式標點
JS_31,RS_0350,T0318,新式標點,西蓮淨苑提供新式標點
JS_32,RS_0349,T0317,新式標點,西蓮淨苑提供新式標點
JS_33,RS_0355,T0322,新式標點,黃金愛大德提供新式標點
JS_34,RS_0354,T0323,新式標點,毛佩君、廖予安、廖予慈大德提供新式標點
JS_35,RS_0356,T0324,新式標點,黃金愛大德提供新式標點
JS_36,RS_0357,T0325,新式標點,Jasmine提供新式標點
JS_37,RS_0359,T0327,新式標點,西蓮淨苑提供新式標點
JS_38,RS_0364,T0332,新式標點,陳伯勳大德提供新式標點
JS_39,RS_0366,T0334,新式標點,陳伯勳大德提供新式標點
JS_40,RS_0366z,T0335,新式標點,西蓮淨苑提供新式標點
JS_41,RS_0368,T0338,新式標點,西蓮淨苑提供新式標點
JS_42,RS_0367,T0337,新式標點,毛佩君、廖予安、廖予慈大德提供新式標點
JS_43,RS_0360,T0328,新式標點,Jasmine提供新式標點
JS_44,RS_0361,T0329,新式標點,Jasmine提供新式標點
JS_45,RS_0369,T0339,新式標點,西蓮淨苑提供新式標點
JS_46,RS_0370,T0340,新式標點,齊丐提供新式標點
JS_47,RS_0372,T0342,新式標點,西蓮淨苑提供新式標點
JS_48,RS_0371,T0341,新式標點,毛佩君、廖予安、廖予慈大德提供新式標點
JS_49,RS_0373,T0343,新式標點,西蓮淨苑提供新式標點
JS_50,RS_0374,T0344,新式標點,西蓮淨苑提供新式標點
JS_51,RS_0385,T0355,新式標點,邱昱翔提供新式標點
JS_52,RS_0375,T0345,新式標點,西蓮淨苑提供新式標點
JS_53,RS_0377,T0347,新式標點,西蓮淨苑提供新式標點
JS_54,RS_0378,T0348,新式標點,西蓮淨苑提供新式標點
JS_55,RS_0379,T0349,新式標點,西蓮淨苑提供新式標點
JS_56,RS_0389,T0358,新式標點,陳伯勳大德提供新式標點
JS_57,RS_0380,T0350,新式標點,陳伯勳大德提供新式標點
JS_58,RS_0381,T0351,新式標點,邱昱翔提供新式標點
JS_59,RS_0383,T0353,新式標點,黃金愛大德提供新式標點
JS_60,RS_0384,T0354,新式標點,毛佩君、廖予安、廖予慈大德提供新式標點
JS_61,RS_0433,T0397,新式標點,Jasmine提供新式標點
JS_62,RS_0434,T0397,新式標點,Jasmine提供新式標點
JS_63,RS_0435,T0397,新式標點,Jasmine提供新式標點
JS_64,RS_0451,T0411,新式標點,Lilneige提供新式標點
JS_65,RS_0452,T0410,新式標點,范振業大德提供新式標點
JS_66,RS_0436,T0397,新式標點,Jasmine提供新式標點
JS_67,RS_0449,T0408,新式標點,李明芳大德提供新式標點
JS_68,RS_0446,T0405,新式標點,李明芳大德提供新式標點
JS_69,RS_0447,T0407,新式標點,黃金愛大德提供新式標點
JS_70,RS_0450,T0409,新式標點,黃金愛大德提供新式標點
JS_71,RS_0455,T0414,新式標點,毛佩君、廖予安、廖予慈大德提供新式標點
JS_72,RS_0456,T0415,新式標點,毛佩君、廖予安、廖予慈大德提供新式標點
JS_73,RS_0458,T0418,新式標點,毛佩君、廖予安、廖予慈大德提供新式標點
JS_74,RS_0438,T0403,新式標點,毛佩君、廖予安、廖予慈大德提供新式標點
JS_75,RS_0457,T0416,新式標點,毛佩君、廖予安、廖予慈大德提供新式標點
JS_76,RS_0460,T0419,新式標點,陳伯勳大德提供新式標點
JS_77,RS_0437,T0397,新式標點,Jasmine提供新式標點
JS_78,RS_0463,T0422,新式標點,陳伯勳大德提供新式標點
JS_79,RS_0440,T0398,新式標點,毛佩君、廖予安、廖予慈大德提供新式標點
JS_80,RS_0441,T0399,新式標點,黃金愛大德提供新式標點
JS_81,RS_0443,T0401,新式標點,張曌昱大德提供新式標點
JS_82,RS_0461,T0420,新式標點,朱輝提供新式標點
JS_83,RS_0462,T0421,新式標點,毛佩君、廖予安、廖予慈大德提供新式標點
JS_84,RS_0445,T0402,新式標點,Jasmine提供新式標點
JS_85,RS_0335,T0302,新式標點,陳伯勳大德提供新式標點
JS_86,RS_1163,T1130,新式標點,李明芳大德提供新式標點
JS_87,RS_0310,T0278,新式標點,眾生出版社提供新式標點
JS_88,RS_0309,T0279,新式標點,摩訶工作室提供新式標點
JS_89,RS_0324,T0293,新式標點,眾生出版社提供新式標點
JS_90,RS_0337,T0305,新式標點,Jasmine提供新式標點
JS_91,RS_0336,T0303,新式標點,毛佩君、廖予安、廖予慈大德提供新式標點
JS_92,RS_0322,T0291,新式標點,毛佩君、廖予安、廖予慈大德提供新式標點
JS_93,RS_0334,T0304,新式標點,釋永真法師提供新式標點
JS_94,RS_0338,T0306,新式標點,陳伯勳大德提供新式標點
JS_95,RS_0320,T0289,新式標點,毛佩君、廖予安、廖予慈大德提供新式標點
JS_96,RS_0333,T0300,新式標點,果赴提供新式標點
JS_97,RS_0332,T0301,新式標點,果赴提供新式標點
JS_98,RS_0330,T0298,新式標點,果赴提供新式標點
JS_99,RS_0339,T0307,新式標點,毛佩君、廖予安、廖予慈大德提供新式標點
JS_100,RS_0312,T0281,新式標點,陳伯勳大德提供新式標點
JS_101,RS_0327,T0295,新式標點,果赴提供新式標點
JS_102,RS_0311,T0280,新式標點,佩君、廖予安大德提供新式標點
JS_103,RS_0340,T0308,新式標點,陳伯勳大德提供新式標點
JS_104,RS_0323,T0292,新式標點,毛佩君、廖予安、廖予慈大德提供新式標點
JS_105,RS_0317,T0286,新式標點,毛佩君、廖予安、廖予慈大德提供新式標點
JS_106,RS_0326,T0294,新式標點,果赴提供新式標點
JS_107,RS_0313,T0282,新式標點,佩君、廖予安大德提供新式標點
JS_108,RS_0314,T0283,新式標點,毛佩君、廖予安、廖予慈大德提供新式標點
JS_109,RS_0315,T0284,新式標點,毛佩君、廖予安、廖予慈大德提供新式標點
JS_110,RS_0319,T0288,新式標點,黃金愛大德提供新式標點
JS_111,RS_0629,T0458,新式標點,Jasmine提供新式標點
JS_112,RS_0316,T0285,新式標點,范振業大德提供新式標點
JS_113,RS_0409,T0374,新式標點,李鑫森提供新式標點
JS_114,RS_0410,T0375,新式標點,毛佩君、廖予安、廖予慈大德提供新式標點
JS_115,RS_0412,T0377,新式標點,毛佩君、廖予安大德提供新式標點
JS_116,RS_0413,T0378,新式標點,李明芳大德提供新式標點
JS_117,RS_0415,T0380,新式標點,毛佩君、廖予安、廖予慈大德提供新式標點
JS_118,RS_0007,T0007,新式標點,法雨道場提供新式標點
JS_119,RS_0006,T0006,新式標點,法雨道場提供新式標點
JS_120,RS_0411,T0376,新式標點,范振業大德提供新式標點
JS_121,RS_0414,T0379,新式標點,毛佩君、廖予安大德提供新式標點
JS_122,RS_0424,T0389,新式標點,張曌昱大德提供新式標點
JS_123,RS_0425,T0390,新式標點,陳伯勳大德提供新式標點
JS_124,RS_0427,T0392,新式標點,毛佩君、廖予安、廖予慈大德提供新式標點
JS_125,RS_0426,T0391,新式標點,Ccz提供新式標點
JS_126,RS_0757,T0665,新式標點,范振業大德提供新式標點
JS_127,RS_0758,T0663,新式標點,Melon提供新式標點
JS_128,RS_0417,T0381,新式標點,范振業大德提供新式標點
JS_129,RS_0416,T0382,新式標點,毛佩君、廖予安大德提供新式標點
JS_130,RS_0759,T0664,新式標點,毛佩君、廖予安、廖予慈大德提供新式標點
JS_131,RS_0745,T0646,新式標點,陳伯勳大德提供新式標點
JS_132,RS_0746,T0645,新式標點,黃金愛大德提供新式標點
JS_133,RS_0307,T0276,新式標點,CBETA提供新式標點
JS_134,RS_0292,T0262,新式標點,CBETA提供新式標點
JS_135,RS_0300,T0269,新式標點,毛佩君、廖予安大德提供新式標點
JS_136,RS_0295,T0265,新式標點,CBETA提供新式標點
JS_137,RS_0296,T0262,新式標點,CBETA提供新式標點
JS_138,RS_0293,T0263,新式標點,佛教電腦資訊庫功德會提供新式標點
JS_139,RS_0294,T0264,新式標點,范振業大德提供新式標點
JS_140,RS_0802,T0717,新式標點,陳伯勳大德提供新式標點
JS_141,RS_0803,T0716,新式標點,陳伯勳大德提供新式標點
JS_142,RS_0217,T0157,新式標點,藍世任大德提供新式標點
JS_143,RS_0212,T0152,新式標點,法雨道場提供新式標點
JS_144,RS_0650,T0478,新式標點,毛佩君、廖予安、廖予慈大德提供新式標點
JS_145,RS_0649,T0477,新式標點,釋心植法師提供新式標點
JS_146,RS_0645,T0475,新式標點,西蓮淨苑提供新式標點
JS_147,RS_0646,T0474,新式標點,法雲資訊網提供新式標點
JS_148,RS_0834,T0816,新式標點,JaeroChen提供新式標點
JS_149,RS_0647,T0476,新式標點,毛佩君、廖予安、廖予慈大德提供新式標點
JS_150,RS_0299,T0266,新式標點,毛佩君、廖予安大德提供新式標點
JS_151,RS_0659,T0660,新式標點,三寶弟子提供新式標點
JS_152,RS_0661,T0658,新式標點,毛佩君、廖予安、廖予慈大德提供新式標點
JS_153,RS_0833,T0815,新式標點,JaeroChen提供新式標點
JS_154,RS_0773a,T0678,新式標點,張裕蓮提供新式標點
JS_155,RS_0773b,T0679,新式標點,陳伯勳大德提供新式標點
JS_156,RS_0772,T0677,新式標點,西蓮淨苑提供新式標點
JS_157,RS_0298,T0267,新式標點,范振業大德提供新式標點
JS_158,RS_0297,T0268,新式標點,范振業大德提供新式標點
JS_159,RS_0244,T0187,新式標點,法雨道場提供新式標點
JS_160,RS_0245,T0186,新式標點,范振業大德提供新式標點
JS_161,RS_0726,T0624,新式標點,毛佩君、廖予安、廖予慈大德提供新式標點
JS_162,RS_0752,T0651,新式標點,黃金愛大德提供新式標點
JS_163,RS_0725,T0625,新式標點,黃金愛大德提供新式標點
JS_164,RS_0751,T0650,新式標點,陳伯勳大德提供新式標點
JS_165,RS_0653,T0481,新式標點,Jasmine提供新式標點
JS_166,RS_0652,T0482,新式標點,Jasmine提供新式標點
JS_167,RS_1381,T1331,新式標點,Jasmine提供新式標點
JS_168,RS_0631,T0461,新式標點,Jasmine提供新式標點
JS_169,RS_0630,T0462,新式標點,CBETA提供新式標點
JS_170,RS_0619,T0449,新式標點,清涼月提供新式標點
JS_171,RS_0620,T0450,新式標點,中華佛教百科文獻基金會提供新式標點
JS_172,RS_0621,T0451,新式標點,Xian大德提供新式標點
JS_173,RS_0728,T0626,新式標點,李明芳大德提供新式標點
JS_174,RS_0764,T0670,新式標點,西蓮淨苑提供新式標點
JS_175,RS_0765,T0671,新式標點,范振業大德提供新式標點
JS_176,RS_0766,T0672,新式標點,范振業大德提供新式標點
JS_177,RS_0303,T0271,新式標點,范振業大德提供新式標點
JS_178,RS_0302,T0272,新式標點,三寶弟子提供新式標點
JS_179,RS_0218,T0158,新式標點,范振業大德提供新式標點
JS_180,RS_0648,T0479,新式標點,范振業大德提供新式標點
JS_181,RS_0729,T0627,新式標點,黃金愛大德提供新式標點
JS_182,RS_0730,T0629,新式標點,陳伯勳大德提供新式標點
JS_183,RS_0836,T0817,新式標點,JaeroChen提供新式標點
JS_184,RS_0835,T0818,新式標點,JaeroChen提供新式標點
JS_185,RS_1011,T0992,新式標點,李明芳大德提供新式標點
JS_186,RS_1012,T0993,新式標點,李明芳大德提供新式標點
JS_187,RS_1013,T0991,新式標點,李明芳大德提供新式標點
JS_188,RS_0710,T0587,新式標點,Jasmine提供新式標點
JS_189,RS_0708,T0586,新式標點,三寶弟子提供新式標點
JS_190,RS_0739,T0639,新式標點,毛佩君、廖予安、廖予慈大德提供新式標點
JS_191,RS_0740,T0640,新式標點,黃金愛大德提供新式標點
JS_192,RS_0831,T0814,新式標點,三寶弟子提供新式標點
JS_193,RS_0832,T0813,新式標點,Jasmine提供新式標點
JS_194,RS_0768,T0673,新式標點,陳伯勳大德提供新式標點
JS_195,RS_0769,T0674,新式標點,黃金愛大德提供新式標點
JS_196,RS_0709,T0585,新式標點,Jasmine提供新式標點
JS_197,RS_0396,T0365,新式標點,范振業大德提供新式標點
JS_198,RS_0399,T0367,新式標點,摩訶工作室提供新式標點
JS_199,RS_0398,T0366,新式標點,摩訶工作室提供新式標點
JS_200,RS_0401,T0368,新式標點,黃金愛大德提供新式標點
JS_201,RS_0406,T0373,新式標點,黃金愛大德提供新式標點
JS_202,RS_0394,T0364,新式標點,范振業大德提供新式標點
JS_203,RS_0628,T0452,新式標點,陳伯勳大德提供新式標點
JS_204,RS_0625,T0454,新式標點,常密濟塵提供新式標點
JS_205,RS_0627,T0457,新式標點,Jasmine提供新式標點
JS_206,RS_0626,T0455,新式標點,黃金愛大德提供新式標點
JS_207,RS_0624,T0453,新式標點,毛佩君、廖予安、廖予慈大德提供新式標點
JS_208,RS_0623,T0456,新式標點,釋永明法師提供新式標點
JS_209,RS_0851,T0833,新式標點,毛佩君、廖予安、廖予慈大德提供新式標點
JS_210,RS_0850,T0834,新式標點,毛佩君、廖予安、廖予慈大德提供新式標點
JS_211,RS_0841,T0823,新式標點,黃金愛大德提供新式標點
JS_212,RS_0840,T0822,新式標點,JaeroChen提供新式標點
JS_213,RS_0695,T0565,新式標點,Jasmine提供新式標點
JS_214,RS_0694,T0566,新式標點,Jasmine提供新式標點
JS_215,RS_0234b,T0174,新式標點,毛佩君大德提供新式標點
JS_216,RS_0235c,T0175c,新式標點,Jasmine提供新式標點
JS_217,RS_0241,T0181b,新式標點,Jasmine提供新式標點
JS_218,RS_0228,T0168,新式標點,小波提供新式標點
JS_219,RS_0227,T0167,新式標點,Jasmine提供新式標點
JS_220,RS_0845,T0828,新式標點,Xian大德提供新式標點
JS_221,RS_0846,T0829,新式標點,黃金愛大德提供新式標點
JS_222,RS_0844,T0830,新式標點,波羅提供新式標點
JS_223,RS_0688,T0559,新式標點,釋振溥法師提供新式標點
JS_224,RS_0689,T0561,新式標點,釋振溥法師提供新式標點
JS_225,RS_0690,T0560,新式標點,釋振溥法師提供新式標點
JS_226,RS_0673,T0526,新式標點,Jasmine提供新式標點
JS_227,RS_0674,T0528,新式標點,Jasmine提供新式標點
JS_228,RS_0672,T0527,新式標點,Jasmine提供新式標點
JS_229,RS_0679,T0534,新式標點,Jasmine提供新式標點
JS_230,RS_0680,T0536,新式標點,Jasmine提供新式標點
JS_231,RS_0677,T0545,新式標點,Jasmine提供新式標點
JS_232,RS_0826,T0808,新式標點,釋振溥法師提供新式標點
JS_233,RS_0825,T0809,新式標點,釋振溥法師提供新式標點
JS_234,RS_0692,T0562,新式標點,陳伯勳大德提供新式標點
JS_235,RS_0693,T0563,新式標點,Jasmine提供新式標點
JS_236,RS_0691,T0564,新式標點,三寶弟子提供新式標點
JS_237,RS_0632,T0464,新式標點,釋常諦法師提供新式標點
JS_238,RS_0633,T0465,新式標點,Jasmine提供新式標點
JS_239,RS_0634,T0466,新式標點,毛佩君大德提供新式標點
JS_240,RS_0635,T0467,新式標點,毛佩君、廖予安、廖予慈大德提供新式標點
JS_241,RS_0829,T0811,新式標點,Jasmine提供新式標點
JS_242,RS_0828,T0831,新式標點,陳伯勳大德提供新式標點
JS_243,RS_0388,T0357,新式標點,毛佩君、廖予安、廖予慈大德提供新式標點
JS_244,RS_0422,T0387,新式標點,吉格艾諾提供新式標點
JS_245,RS_0771,T0675,新式標點,毛佩君、廖予安、廖予慈大德提供新式標點
JS_246,RS_0770,T0676,新式標點,JaeroChen提供新式標點
JS_247,RS_0667,T0514,新式標點,Jasmine提供新式標點
JS_248,RS_0668,T0515,新式標點,Jasmine提供新式標點
JS_249,RS_0669,T0593,新式標點,波羅提供新式標點
JS_250,RS_0386,T0356,新式標點,陳伯勳大德提供新式標點
JS_251,RS_0306,T0274,新式標點,毛佩君、廖予安大德提供新式標點
JS_252,RS_0305,T0275,新式標點,毛佩君、廖予安大德提供新式標點
JS_253,RS_0231,T0171,新式標點,CBETA提供新式標點
JS_254,RS_0734,T0633,新式標點,釋振溥法師提供新式標點
JS_255,RS_0733,T0632,新式標點,釋振溥法師提供新式標點
JS_256,RS_0736,T0636,新式標點,陳伯勳大德提供新式標點
JS_257,RS_0737,T0637,新式標點,黃金愛大德提供新式標點
JS_258,RS_0763,T0669,新式標點,陳伯勳大德提供新式標點
JS_259,RS_0780,T0688,新式標點,Jasmine提供新式標點
JS_260,RS_0781,T0689,新式標點,Jasmine提供新式標點
JS_261,RS_0848,T0835,新式標點,毛佩君、廖予安、廖予慈大德提供新式標點
JS_262,RS_0847,T0836,新式標點,黃金愛大德提供新式標點
JS_263,RS_0642,T0661,新式標點,李明芳大德提供新式標點
JS_264,RS_0643,T0662,新式標點,陳伯勳大德提供新式標點
JS_265,RS_0814,T0772,新式標點,三寶弟子提供新式標點
JS_266,RS_0815,T0773,新式標點,三寶弟子提供新式標點
JS_267,RS_0783,T0690,新式標點,Jasmine提供新式標點
JS_268,RS_0782,T0691,新式標點,Jasmine提供新式標點
JS_269,RS_0238,T0178,新式標點,Jasmine提供新式標點
JS_270,RS_0239,T0179,新式標點,毛佩君、廖予安大德提供新式標點
JS_271,RS_0664,T0509,新式標點,Jasmine提供新式標點
JS_272,RS_0665,T0510,新式標點,Jasmine提供新式標點
JS_273,RS_1563,T1496,新式標點,李明芳大德提供新式標點
JS_274,RS_1562,T1495,新式標點,三寶弟子提供新式標點
JS_275,RS_0855,T0840,新式標點,陳伯勳大德提供新式標點
JS_276,RS_0856,T0841,新式標點,黃金愛大德提供新式標點
JS_277,RS_0115,T0713,新式標點,釋振溥法師提供新式標點
JS_278,RS_0116,T0714,新式標點,釋振溥法師提供新式標點
JS_279,RS_0799,T0709,新式標點,JaeroChen提供新式標點
JS_280,RS_0798,T0708,新式標點,釋振溥法師提供新式標點
JS_281,RS_0724,T0622,新式標點,陳伯勳大德提供新式標點
JS_282,RS_0723,T0623,新式標點,李明芳大德提供新式標點
JS_283,RS_0705,T0576,新式標點,Jasmine提供新式標點
JS_284,RS_0704,T0575,新式標點,范振業大德提供新式標點
JS_285,RS_0639,T0470,新式標點,釋常諦法師提供新式標點
JS_286,RS_0638,T0471,新式標點,釋常諦法師提供新式標點
JS_287,RS_0786,T0694,新式標點,三寶弟子提供新式標點
JS_288,RS_0785,T0692,新式標點,三寶弟子提供新式標點
JS_289,RS_0784,T0693,新式標點,Jasmine提供新式標點
JS_290,RS_0790,T0695,新式標點,張裕蓮提供新式標點
JS_291,RS_0791,T0696,新式標點,JaeroChen提供新式標點
JS_292,RS_0789,T0697,新式標點,黃金愛大德提供新式標點
JS_293,RS_0788,T0698,新式標點,三寶弟子提供新式標點
JS_294,RS_0821,T0788,新式標點,齊丐提供新式標點
JS_295,RS_0820,T0787,新式標點,齊丐提供新式標點
JS_296,RS_0686,T0557,新式標點,釋振溥法師提供新式標點
JS_297,RS_0687,T0558,新式標點,Jasmine提供新式標點
JS_298,RS_0597,T0427,新式標點,Jasmine提供新式標點
JS_299,RS_0598,T0428,新式標點,Jasmine提供新式標點
JS_300,RS_0599,T0430,新式標點,Jasmine提供新式標點
JS_301,RS_0596,T0431,新式標點,Jasmine提供新式標點
JS_302,RS_0778,T0685,新式標點,三寶弟子提供新式標點
JS_303,RS_0779,T0686,新式標點,Jasmine提供新式標點
JS_304,RS_1199,T1161,新式標點,李明芳大德提供新式標點
JS_305,RS_1006,T0985,新式標點,李明芳大德提供新式標點
JS_306,RS_1004,T0982,新式標點,陳惠珍大德提供新式標點
JS_307,RS_1005,T0984,新式標點,李明芳大德提供新式標點
JS_308,RS_1007,T0986,新式標點,李明芳大德提供新式標點
JS_309,RS_1008,T0987,新式標點,李明芳大德提供新式標點
JS_310,RS_1009,T0988,新式標點,李明芳大德提供新式標點
JS_311,RS_1126,T1093,新式標點,李明芳大德提供新式標點
JS_312,RS_1131,T1097,新式標點,李明芳大德提供新式標點
JS_313,RS_1132,T1096,新式標點,李明芳大德提供新式標點
JS_314,RS_1128,T1095,新式標點,李明芳大德提供新式標點
JS_315,RS_1127,T1094,新式標點,李明芳大德提供新式標點
JS_316,RS_1124,T1092,新式標點,李明芳大德提供新式標點
JS_317,RS_1080b,T1057b,新式標點,李明芳大德提供新式標點
JS_318,RS_1079,T1058,新式標點,李明芳大德提供新式標點
JS_319,RS_1082a,T1060,新式標點,林光明大德提供新式標點
JS_320,RS_1114,T1082,新式標點,李明芳大德提供新式標點
JS_321,RS_1115,T1083,新式標點,李明芳大德提供新式標點
JS_322,RS_1113,T1081,新式標點,李明芳大德提供新式標點
JS_323,RS_1112,T1080,新式標點,李明芳大德提供新式標點
JS_324,RS_1136c,T1103b,新式標點,李明芳大德提供新式標點
JS_325,RS_1065,T1043,新式標點,李明芳大德提供新式標點
JS_326,RS_1096,T1070,新式標點,李明芳大德提供新式標點
JS_327,RS_1097,T1071,新式標點,李明芳大德提供新式標點
JS_328,RS_1057,T1035,新式標點,李明芳大德提供新式標點
JS_329,RS_1056,T1034,新式標點,李明芳大德提供新式標點
JS_330,RS_1218,T1180,新式標點,李明芳大德提供新式標點
JS_331,RS_0985b,T1338,新式標點,李明芳大德提供新式標點
JS_332,RS_1220,T1181,新式標點,李明芳大德提供新式標點
JS_333,RS_1221,T1182,新式標點,李明芳大德提供新式標點
JS_334,RS_1393,T1348,新式標點,李明芳大德提供新式標點
JS_335,RS_1394,T1349,新式標點,李明芳大德提供新式標點
JS_336,RS_1403,T1356,新式標點,李明芳大德提供新式標點
JS_337,RS_1404,T1357,新式標點,李明芳大德提供新式標點
JS_338,RS_1405,T1358,新式標點,李明芳大德提供新式標點
JS_339,RS_1066,T1044,新式標點,李明芳大德提供新式標點
JS_340,RS_1067b,T1045b,新式標點,李明芳大德提供新式標點
JS_341,RS_0697,T0567,新式標點,Jasmine提供新式標點
JS_342,RS_0696,T0568,新式標點,Jasmine提供新式標點
JS_343,RS_1104,T1077,新式標點,李明芳大德提供新式標點
JS_344,RS_1102,T1075,新式標點,李明芳大德提供新式標點
JS_345,RS_1103,T1076,新式標點,李明芳大德提供新式標點
JS_346,RS_1385,T1337,新式標點,李明芳大德提供新式標點
JS_347,RS_0983,T0967,新式標點,gaoyuefeng提供新式標點
JS_348,RS_0984,T0968,新式標點,gaoyuefeng提供新式標點
JS_349,RS_0987,T0971,新式標點,gaoyuefeng提供新式標點
JS_350,RS_0986,T0970,新式標點,gaoyuefeng提供新式標點
JS_351,RS_0985a,T0969,新式標點,gaoyuefeng提供新式標點
JS_352,RS_1037,T1016,新式標點,李明芳大德提供新式標點
JS_353,RS_1036,T1014,新式標點,李明芳大德提供新式標點
JS_354,RS_1032,T1011,新式標點,李明芳大德提供新式標點
JS_355,RS_1033,T1012,新式標點,李明芳大德提供新式標點
JS_356,RS_1034,T1015,新式標點,李明芳大德提供新式標點
JS_357,RS_1035,T1013,新式標點,李明芳大德提供新式標點
JS_358,RS_1031,T1017,新式標點,李明芳大德提供新式標點
JS_359,RS_1038,T1018,新式標點,李明芳大德提供新式標點
JS_360,RS_1410,T1363,新式標點,李明芳大德提供新式標點
JS_361,RS_1411,T1364,新式標點,李明芳大德提供新式標點
JS_362,RS_0919,T0901,新式標點,毛佩君、廖予安、廖予慈大德提供新式標點
JS_363,RS_1398,T1351,新式標點,李明芳大德提供新式標點
JS_364,RS_1399,T1352,新式標點,李明芳大德提供新式標點
JS_365,RS_1396,T1354,新式標點,李明芳大德提供新式標點
JS_366,RS_1183,T1334,新式標點,李明芳大德提供新式標點
JS_367,RS_1182,T1333,新式標點,李明芳大德提供新式標點
JS_368,RS_1174,T1137,新式標點,李明芳大德提供新式標點
JS_369,RS_1175b,T1138b,新式標點,李明芳大德提供新式標點
JS_370,RS_1173,T1139,新式標點,李明芳大德提供新式標點
JS_371,RS_1391,T1345,新式標點,李明芳大德提供新式標點
JS_372,RS_1392,T1344,新式標點,李明芳大德提供新式標點
JS_373,RS_1389,T1342,新式標點,李明芳大德提供新式標點
JS_374,RS_1390,T1343,新式標點,李明芳大德提供新式標點
JS_375,RS_0341,T0309,新式標點,陳伯勳大德提供新式標點
JS_376,RS_0675,T0532,新式標點,釋振溥法師提供新式標點
JS_377,RS_0676,T0533,新式標點,清涼月提供新式標點
JS_378,RS_0823,T0790,新式標點,釋振溥法師提供新式標點
JS_379,RS_1045,T1024,新式標點,李明芳大德提供新式標點
JS_380,RS_0731,T0630,新式標點,黃金愛大德提供新式標點
JS_381,RS_0418,T0383,新式標點,毛佩君、廖予安、廖予慈大德提供新式標點
JS_382,RS_0777,T0683,新式標點,西蓮淨苑提供新式標點
JS_383,RS_0760,T0666,新式標點,陳伯勳大德提供新式標點
JS_384,RS_0606,T0433,新式標點,Jasmine提供新式標點
JS_385,RS_0824,T0807,新式標點,Jasmine提供新式標點
JS_386,RS_0794,T0701,新式標點,三寶弟子提供新式標點
JS_387,RS_0830,T0812,新式標點,Jasmine提供新式標點
JS_388,RS_0362,T0330,新式標點,西蓮淨苑提供新式標點
JS_389,RS_0222,T0162,新式標點,Jasmine提供新式標點
JS_390,RS_0849,T0832,新式標點,黃金愛大德提供新式標點
JS_391,RS_0812,T0770,新式標點,李明芳大德提供新式標點
JS_392,RS_0713,T0588,新式標點,三寶弟子提供新式標點
JS_393,RS_0308,T0277,新式標點,毛佩君、廖予安、廖予慈大德提供新式標點
JS_394,RS_0404,T0371,新式標點,西蓮淨苑提供新式標點
JS_395,RS_0654,T0484,新式標點,CBETA提供新式標點
JS_396,RS_0738,T0638,新式標點,黃金愛大德提供新式標點
JS_397,RS_0805,T0744,新式標點,Jasmine提供新式標點
JS_398,RS_0742,T0642,新式標點,黃金愛大德提供新式標點
JS_399,RS_0806,T0754,新式標點,陳伯勳大德提供新式標點
JS_400,RS_0827,T0810,新式標點,Jasmine提供新式標點
JS_401,RS_0595,T0434,新式標點,三寶弟子提供新式標點
JS_402,RS_0594,T0425,新式標點,Jasmine提供新式標點
JS_403,RS_0610,T0440,新式標點,Xian大德提供新式標點
JS_404,RS_0614c,T0446a,新式標點,釋常諦法師提供新式標點
JS_405,RS_0614b,T0446b,新式標點,釋常諦法師提供新式標點
JS_406,RS_0614e,T0447b,新式標點,釋常諦法師提供新式標點
JS_407,RS_0614g,T0448b,新式標點,釋常諦法師提供新式標點
JS_408,RS_0613,T0443,新式標點,Xian大德提供新式標點
JS_409,RS_0747,T0647,新式標點,毛佩君、廖予安、廖予慈大德提供新式標點
JS_410,RS_0600,T0429,新式標點,Jasmine提供新式標點
JS_411,RS_0607,T0444,新式標點,Xian大德提供新式標點
JS_412,RS_0608,T0445,新式標點,Xian大德提供新式標點
JS_413,RS_0744,T0644,新式標點,陳伯勳大德提供新式標點
JS_414,RS_0236,T0176,新式標點,Jasmine提供新式標點
JS_415,RS_0838,T0820,新式標點,JaeroChen提供新式標點
JS_416,RS_0700,T0572,新式標點,Jasmine提供新式標點
JS_417,RS_0670,T0520,新式標點,Jasmine提供新式標點
JS_418,RS_0601,T0432,新式標點,Jasmine提供新式標點
JS_419,RS_0707,T0580,新式標點,Jasmine提供新式標點
JS_420,RS_0243,T0183,新式標點,CBETA提供新式標點
JS_421,RS_1386,T1339,新式標點,李明芳大德提供新式標點
JS_422,RS_1387,T1340,新式標點,李明芳大德提供新式標點
JS_423,RS_1388,T1341,新式標點,李明芳大德提供新式標點
JS_424,RS_0749,T0649,新式標點,毛佩君、廖予安、廖予慈大德提供新式標點
JS_425,RS_0756,T0657,新式標點,Jasmine提供新式標點
JS_426,RS_0807,T0761,新式標點,毛佩君、廖予安、廖予慈大德提供新式標點
JS_427,RS_0857,T0842,新式標點,中華佛教百科文獻基金會提供新式標點
JS_428,RS_0795,T0702,新式標點,三寶弟子提供新式標點
JS_429,RS_0304,T0273,新式標點,毛佩君、廖予安大德提供新式標點
JS_430,RS_0743,T0643,新式標點,黃金愛大德提供新式標點
JS_431,RS_0216,T0156,新式標點,小波提供新式標點
JS_432,RS_0215,T0155,新式標點,法雨道場提供新式標點
JS_433,RS_0419,T0384,新式標點,范振業大德提供新式標點
JS_434,RS_0139,T0120,新式標點,法雨道場提供新式標點
JS_435,RS_0817,T0778,新式標點,三寶弟子提供新式標點
JS_436,RS_0232,T0172,新式標點,CBETA提供新式標點
JS_437,RS_0735,T0635,新式標點,黃金愛大德提供新式標點
JS_438,RS_0439,T0397,新式標點,Jasmine提供新式標點
JS_439,RS_0655,T0485,新式標點,Jasmine提供新式標點
JS_440,RS_0301,T0270,新式標點,毛佩君、廖予安大德提供新式標點
JS_441,RS_0651,T0480,新式標點,黃金愛大德提供新式標點
JS_442,RS_0636,T0468,新式標點,釋常諦法師提供新式標點
JS_443,RS_0839,T0821,新式標點,黃金愛大德提供新式標點
JS_444,RS_0775,T0681,新式標點,李明芳大德提供新式標點
JS_445,RS_0755,T0656,新式標點,Jasmine提供新式標點
JS_446,RS_0962,T0945,新式標點,中華佛教百科文獻基金會提供新式標點
JS_447,RS_1382,T1332,新式標點,李明芳大德提供新式標點
JS_448,RS_1226,T1185B,新式標點,李明芳大德提供新式標點
JS_449,RS_0465,T0423,新式標點,范振業大德提供新式標點
JS_450,RS_0852,T0837,新式標點,黃金愛大德提供新式標點
JS_451,RS_0722,T0621,新式標點,陳伯勳大德提供新式標點
JS_452,RS_0819,T0783,新式標點,Jasmine提供新式標點
JS_453,RS_0681b,T0540b,新式標點,Jasmine提供新式標點
JS_454,RS_0837,T0819,新式標點,黃桂芳大德提供新式標點
JS_455,RS_0221,T0161,新式標點,Jasmine提供新式標點
JS_456,RS_0718,T0598,新式標點,三寶弟子提供新式標點
JS_457,RS_0721,T0599,新式標點,三寶弟子提供新式標點
JS_458,RS_0793,T0700,新式標點,三寶弟子提供新式標點
JS_459,RS_0223,T0163,新式標點,Jasmine提供新式標點
JS_460,RS_0224,T0164,新式標點,CBETA提供新式標點
JS_461,RS_0701,T0573,新式標點,Jasmine提供新式標點
JS_462,RS_0656,T0486,新式標點,CBETA提供新式標點
JS_463,RS_0420,T0385,新式標點,毛佩君、廖予安、廖予慈大德提供新式標點
JS_464,RS_0854,T0839,新式標點,西蓮淨苑提供新式標點
JS_465,RS_0421,T0386,新式標點,范振業大德提供新式標點
JS_466,RS_0809,T0767,新式標點,釋振溥法師提供新式標點
JS_467,RS_0811,T0769,新式標點,三寶弟子提供新式標點
JS_468,RS_0430,T0395,新式標點,KittyKwong提供新式標點
JS_469,RS_0240,T0180,新式標點,Jasmine提供新式標點
JS_470,RS_0431,T0396,新式標點,毛佩君、廖予安、廖予慈大德提供新式標點
JS_471,RS_0843,T0825,新式標點,JaeroChen提供新式標點
JS_472,RS_0717,T0596,新式標點,朱輝提供新式標點
JS_473,RS_1383,T1335,新式標點,李明芳大德提供新式標點
JS_474,RS_1278,T1237,新式標點,李明芳大德提供新式標點
JS_475,RS_1414,T1367,新式標點,李明芳大德提供新式標點
JS_476,RS_1415,T1368,新式標點,李明芳大德提供新式標點
JS_477,RS_1068,T1046,新式標點,李明芳大德提供新式標點
JS_478,RS_1440,T1394,新式標點,李明芳大德提供新式標點
JS_479,RS_1425b,T1378b,新式標點,李明芳大德提供新式標點
JS_480,RS_1452,T1406,新式標點,李明芳大德提供新式標點
JS_481,RS_1374,T1326,新式標點,李明芳大德提供新式標點
JS_482,RS_1375,T1327,新式標點,李明芳大德提供新式標點
JS_483,RS_1376,T1328,新式標點,李明芳大德提供新式標點
JS_484,RS_1377,T1329,新式標點,毛佩君、廖予安、廖予慈大德提供新式標點
JS_485,RS_0403,T0370,新式標點,黃金愛大德提供新式標點
JS_486,RS_1439,T1393,新式標點,李明芳大德提供新式標點
JS_487,RS_1437,T1391,新式標點,李明芳大德提供新式標點
JS_488,RS_1049a,T1028A,新式標點,李明芳大德提供新式標點
JS_489,RS_0936,T0918,新式標點,高萌大德提供新式標點
JS_490,RS_1441,T1395,新式標點,李明芳大德提供新式標點
JS_491,RS_1412,T1365,新式標點,李明芳大德提供新式標點
JS_492,RS_1200,T1162,新式標點,gaoyuefeng提供新式標點
JS_493,RS_1406,T1360,新式標點,李明芳大德提供新式標點
JS_494,RS_1060,T1038,新式標點,李明芳大德提供新式標點
JS_495,RS_1168,T1346,新式標點,李明芳大德提供新式標點
JS_496,RS_1444,T1397,新式標點,李明芳大德提供新式標點
JS_497,RS_1192,T1154,新式標點,李明芳大德提供新式標點
JS_498,RS_1421,T1374,新式標點,李明芳大德提供新式標點
JS_499,RS_1442,T1396,新式標點,李明芳大德提供新式標點
JS_500,RS_1409,T1362,新式標點,李明芳大德提供新式標點
JS_501,RS_1180,T1145,新式標點,李明芳大德提供新式標點
JS_502,RS_0774,T0680,新式標點,張裕蓮提供新式標點
JS_503,RS_1416b,T1369b,新式標點,李明芳大德提供新式標點
JS_504,RS_1422,T1375,新式標點,李明芳大德提供新式標點
JS_505,RS_1196,T1157,新式標點,李明芳大德提供新式標點
JS_506,RS_0706,T0579,新式標點,三寶弟子提供新式標點
JS_507,RS_0842,T0824,新式標點,黃金愛大德提供新式標點
JS_508,RS_0640,T0463,新式標點,清涼月提供新式標點
JS_509,RS_0183,T0188,新式標點,CBETA提供新式標點
JS_510,RS_0699,T0570,新式標點,Jasmine提供新式標點
JS_511,RS_0615,T0426,新式標點,Jasmine提供新式標點
JS_512,RS_0048,T0779,新式標點,西蓮淨苑提供新式標點
JS_513,RS_0229,T0169,新式標點,Jasmine提供新式標點
JS_514,RS_0698,T0569,新式標點,Jasmine提供新式標點
JS_515,RS_0602,T0435,新式標點,Jasmine提供新式標點
JS_516,RS_0242b,T0182b,新式標點,法雨道場提供新式標點
JS_517,RS_0714,T0589,新式標點,西蓮淨苑提供新式標點
JS_518,RS_0230,T0170,新式標點,Jasmine提供新式標點
JS_519,RS_0715,T0591,新式標點,三寶弟子提供新式標點
JS_520,RS_0816,T0774,新式標點,三寶弟子提供新式標點
JS_521,RS_0657,T0487,新式標點,Xian大德提供新式標點
JS_522,RS_0748,T0648,新式標點,李明芳大德提供新式標點
JS_523,RS_0792,T0699,新式標點,三寶弟子提供新式標點
JS_524,RS_0762,T0668,新式標點,波羅提供新式標點
JS_525,RS_0702,T0574,新式標點,Jasmine提供新式標點
JS_526,RS_0703,T0577,新式標點,Jasmine提供新式標點
JS_527,RS_0237,T0177,新式標點,Jasmine提供新式標點
JS_528,RS_0605,T0436,新式標點,Jasmine提供新式標點
JS_529,RS_1048b,T1027b,新式標點,李明芳大德提供新式標點
JS_530,RS_0865,T0848,新式標點,鄒佑昇大德提供新式標點
JS_531,RS_0914a,T0895a,新式標點,高萌大德提供新式標點
JS_532,RS_0968,T0951,新式標點,毛佩君、廖予安、廖予慈大德提供新式標點
JS_533,RS_0911b,T0893b,新式標點,黃金愛大德提供新式標點
JS_534,RS_0884,T0866,新式標點,毛佩君、廖予安、廖予慈大德提供新式標點
JS_535,RS_1027b,T1006,新式標點,gaoyuefeng提供新式標點
JS_536,RS_1028,T1007,新式標點,gaoyuefeng提供新式標點
JS_537,RS_1212,T1173,新式標點,李明芳大德提供新式標點
JS_538,RS_1119,T1087,新式標點,李明芳大德提供新式標點
JS_539,RS_1355,T1314,新式標點,Xian提供新式標點
JS_540,RS_1357,T1316,新式標點,李明芳大德提供新式標點
JS_541,RS_1222,T0956,新式標點,高萌大德提供新式標點
JS_542,RS_0028,T0026,新式標點,法雨道場提供新式標點
JS_543,RS_0144,T0125,新式標點,法雨道場提供新式標點
JS_544,RS_0102,T0099,新式標點,法雨道場提供新式標點
JS_545,RS_0001,T0001,新式標點,法雨道場提供新式標點
JS_546,RS_0103,T0100,新式標點,法雨道場提供新式標點
JS_547,RS_0104,T0101,新式標點,法雨道場提供新式標點
JS_548,RS_0014,T0013,新式標點,法雨道場提供新式標點
JS_549,RS_0027,T0025,新式標點,法雨道場提供新式標點
JS_550,RS_0026,T0024,新式標點,法雨道場提供新式標點
JS_551,RS_0025b,T0023,新式標點,法雨道場提供新式標點
JS_552,RS_0005,T0005,新式標點,法雨道場提供新式標點
JS_553,RS_0015,T0014,新式標點,法雨道場提供新式標點
JS_554,RS_0023,T0021,新式標點,法雨道場提供新式標點
JS_555,RS_0018,T0016,新式標點,法雨道場提供新式標點
JS_556,RS_0190,T0196,新式標點,張曌昱大德提供新式標點
JS_557,RS_0029,T0027,新式標點,法雨道場提供新式標點
JS_558,RS_0031,T0029,新式標點,法雨道場提供新式標點
JS_559,RS_0033,T0031,新式標點,法雨道場提供新式標點
JS_560,RS_0045,T0043,新式標點,法雨道場提供新式標點
JS_561,RS_0044,T0042,新式標點,法雨道場提供新式標點
JS_562,RS_0046,T0044,新式標點,法雨道場提供新式標點
JS_563,RS_0047,T0046,新式標點,法雨道場提供新式標點
JS_564,RS_0049,T0047,新式標點,法雨道場提供新式標點
JS_565,RS_0050,T0048,新式標點,法雨道場提供新式標點
JS_566,RS_0058,T0056,新式標點,法雨道場提供新式標點
JS_567,RS_0059,T0057,新式標點,法雨道場提供新式標點
JS_568,RS_0060,T0058,新式標點,法雨道場提供新式標點
JS_569,RS_0051,T0049,新式標點,法雨道場提供新式標點
JS_570,RS_0052,T0050,新式標點,法雨道場提供新式標點
JS_571,RS_0053,T0051,新式標點,法雨道場提供新式標點
JS_572,RS_0067,T0065,新式標點,法雨道場提供新式標點
JS_573,RS_0068,T0066,新式標點,法雨道場提供新式標點
JS_574,RS_0069,T0067,新式標點,法雨道場提供新式標點
JS_575,RS_0091,T0086,新式標點,法雨道場提供新式標點
JS_576,RS_0093,T0088,新式標點,法雨道場提供新式標點
JS_577,RS_0092,T0087,新式標點,法雨道場提供新式標點
JS_578,RS_0055,T0053,新式標點,法雨道場提供新式標點
JS_579,RS_0057,T0055,新式標點,法雨道場提供新式標點
JS_580,RS_0056,T0054,新式標點,法雨道場提供新式標點
JS_581,RS_0095,T0090,新式標點,法雨道場提供新式標點
JS_582,RS_0096,T0091,新式標點,法雨道場提供新式標點
JS_583,RS_0097,T0092,新式標點,法雨道場提供新式標點
JS_584,RS_0098,T0093,新式標點,法雨道場提供新式標點
JS_585,RS_0099,T0094,新式標點,法雨道場提供新式標點
JS_586,RS_0101,T0098,新式標點,法雨道場提供新式標點
JS_587,RS_0100,T0097,新式標點,法雨道場提供新式標點
JS_588,RS_0135,T0116,新式標點,法雨道場提供新式標點
JS_589,RS_0148,T0127,新式標點,法雨道場提供新式標點
JS_590,RS_0061,T0059,新式標點,法雨道場提供新式標點
JS_591,RS_0062,T0060,新式標點,法雨道場提供新式標點
JS_592,RS_0022,T0020,新式標點,法雨道場提供新式標點
JS_593,RS_0024,T0022,新式標點,法雨道場提供新式標點
JS_594,RS_0070,T0068,新式標點,法雨道場提供新式標點
JS_595,RS_0019,T0017,新式標點,法雨道場提供新式標點
JS_596,RS_0072,T0070,新式標點,法雨道場提供新式標點
JS_597,RS_0073,T0071,新式標點,法雨道場提供新式標點
JS_598,RS_0034,T0032,新式標點,法雨道場提供新式標點
JS_599,RS_0035,T0033,新式標點,法雨道場提供新式標點
JS_600,RS_0065,T0064,新式標點,法雨道場提供新式標點
JS_601,RS_0038,T0036,新式標點,法雨道場提供新式標點
JS_602,RS_0039,T0037,新式標點,法雨道場提供新式標點
JS_603,RS_0041,T0039,新式標點,法雨道場提供新式標點
JS_604,RS_0042,T0040,新式標點,法雨道場提供新式標點
JS_605,RS_0074,T0072,新式標點,法雨道場提供新式標點
JS_606,RS_0075,T0073,新式標點,法雨道場提供新式標點
JS_607,RS_0077,T0075,新式標點,法雨道場提供新式標點
JS_608,RS_0078,T0076,新式標點,法雨道場提供新式標點
JS_609,RS_0080,T0077,新式標點,法雨道場提供新式標點
JS_610,RS_0082,T0079,新式標點,法雨道場提供新式標點
JS_611,RS_0081,T0078,新式標點,法雨道場提供新式標點
JS_612,RS_0086,T0082,新式標點,法雨道場提供新式標點
JS_613,RS_0087,T0083,新式標點,法雨道場提供新式標點
JS_614,RS_0143,T0122,新式標點,法雨道場提供新式標點
JS_615,RS_0151,T0128b,新式標點,法雨道場提供新式標點
JS_616,RS_0152,T0129,新式標點,法雨道場提供新式標點
JS_617,RS_0154,T0131,新式標點,法雨道場提供新式標點
JS_618,RS_0155,T0132b,新式標點,法雨道場提供新式標點
JS_619,RS_0157,T0133,新式標點,法雨道場提供新式標點
JS_620,RS_0159,T0134,新式標點,法雨道場提供新式標點
JS_621,RS_0137,T0118,新式標點,法雨道場提供新式標點
JS_622,RS_0138,T0119,新式標點,法雨道場提供新式標點
JS_623,RS_0161,T0135,新式標點,法雨道場提供新式標點
JS_624,RS_0162,T0136,新式標點,法雨道場提供新式標點
JS_625,RS_0163,T0137,新式標點,法雨道場提供新式標點
JS_626,RS_0002,T0004,新式標點,法雨道場提供新式標點
JS_627,RS_0164,T0123,新式標點,法雨道場提供新式標點
JS_628,RS_0118,T0124,新式標點,法雨道場提供新式標點
JS_629,RS_0166,T0138,新式標點,法雨道場提供新式標點
JS_630,RS_0167,T0139,新式標點,法雨道場提供新式標點
JS_631,RS_0174,T0146,新式標點,法雨道場提供新式標點
JS_632,RS_0176,T0148,新式標點,法雨道場提供新式標點
JS_633,RS_0158,T0149,新式標點,法雨道場提供新式標點
JS_634,RS_0105,T0102,新式標點,法雨道場提供新式標點
JS_635,RS_0467,T0492b,新式標點,Jasmine提供新式標點
JS_636,RS_0468,T0739,新式標點,三寶弟子提供新式標點
JS_637,RS_0469,T0495,新式標點,Jasmine提供新式標點
JS_638,RS_0506,T0555b,新式標點,Jasmine提供新式標點
JS_639,RS_0507,T0750,新式標點,三寶弟子提供新式標點
JS_640,RS_0170,T0143,新式標點,法雨道場提供新式標點
JS_641,RS_0169,T0142b,新式標點,法雨道場提供新式標點
JS_642,RS_0171,T0141,新式標點,法雨道場提供新式標點
JS_643,RS_0502,T0551,新式標點,Jasmine提供新式標點
JS_644,RS_0503,T0552,新式標點,Jasmine提供新式標點
JS_645,RS_1341,T1300,新式標點,李明芳大德提供新式標點
JS_646,RS_1342,T1301,新式標點,李明芳大德提供新式標點
JS_647,RS_0520,T0620,新式標點,毛佩君、廖予安、廖予慈大德提供新式標點
JS_648,RS_0106,T0150A,新式標點,法雨道場提供新式標點
JS_649,RS_0168,T0140,新式標點,法雨道場提供新式標點
JS_650,RS_0172,T0144,新式標點,法雨道場提供新式標點
JS_651,RS_0173,T0145,新式標點,法雨道場提供新式標點
JS_652,RS_0108,T0103,新式標點,法雨道場提供新式標點
JS_653,RS_0111,T0105,新式標點,法雨道場提供新式標點
JS_654,RS_0112,T0106,新式標點,法雨道場提供新式標點
JS_655,RS_0114,T0107,新式標點,法雨道場提供新式標點
JS_656,RS_0119,T0108,新式標點,法雨道場提供新式標點
JS_657,RS_0121,T0109,新式標點,法雨道場提供新式標點
JS_658,RS_0122,T0110,新式標點,法雨道場提供新式標點
JS_659,RS_0130,T0112,新式標點,法雨道場提供新式標點
JS_660,RS_0131,T0113,新式標點,法雨道場提供新式標點
JS_661,RS_0132,T0114,新式標點,法雨道場提供新式標點
JS_662,RS_0133,T0115,新式標點,法雨道場提供新式標點
JS_663,RS_0124,T0111,新式標點,法雨道場提供新式標點
JS_664,RS_0181,T0184,新式標點,張曌昱大德提供新式標點
JS_665,RS_0182,T0185,新式標點,范振業大德提供新式標點
JS_666,RS_0504,T0553,新式標點,Jasmine提供新式標點
JS_667,RS_0505,T0554,新式標點,Jasmine提供新式標點
JS_668,RS_0180,T0189,新式標點,范振業大德提供新式標點
JS_669,RS_0179,T0154,新式標點,張曌昱大德提供新式標點
JS_670,RS_0079,T0511,新式標點,釋振溥法師提供新式標點
JS_671,RS_0156,T0513,新式標點,Jasmine提供新式標點
JS_672,RS_0037,T0035,新式標點,法雨道場提供新式標點
JS_673,RS_0036,T0034,新式標點,法雨道場提供新式標點
JS_674,RS_0192,T0198,新式標點,毛佩君、廖予安大德提供新式標點
JS_675,RS_0553,T0734,新式標點,三寶弟子提供新式標點
JS_676,RS_0552,T0745,新式標點,三寶弟子提供新式標點
JS_677,RS_0554,T0746,新式標點,Jasmine提供新式標點
JS_678,RS_2196,T1794,新式標點,Z先生提供新式標點
JS_679,RS_0542,T0721,新式標點,JaeroChen提供新式標點
JS_680,RS_0184,T0190,新式標點,法雨道場提供新式標點
JS_681,RS_0518,T0602,新式標點,侯淑娟提供新式標點
JS_682,RS_0555,T0732,新式標點,三寶弟子提供新式標點
JS_683,RS_0523,T0605,新式標點,吉格艾諾提供新式標點
JS_684,RS_0550,T0730,新式標點,Jasmine提供新式標點
JS_685,RS_0549,T0729,新式標點,三寶弟子提供新式標點
JS_686,RS_0581,T0791,新式標點,三寶弟子提供新式標點
JS_687,RS_0178,T0151,新式標點,法雨道場提供新式標點
JS_688,RS_0551,T0731,新式標點,Jasmine提供新式標點
JS_689,RS_0582,T0792,新式標點,Jasmine提供新式標點
JS_690,RS_0586,T0798,新式標點,三寶弟子提供新式標點
JS_691,RS_0580,T0785,新式標點,黃金愛大德提供新式標點
JS_692,RS_0511b,T0797b,新式標點,Jasmine提供新式標點
JS_693,RS_0492,T0530,新式標點,釋振溥法師提供新式標點
JS_694,RS_0490,T0525,新式標點,Jasmine提供新式標點
JS_695,RS_0480,T0506,新式標點,Jasmine提供新式標點
JS_696,RS_0470,T0493,新式標點,Jasmine提供新式標點
JS_697,RS_0560,T0738,新式標點,Jasmine提供新式標點
JS_698,RS_0481,T0507,新式標點,釋振溥法師提供新式標點
JS_699,RS_0557,T0735,新式標點,三寶弟子提供新式標點
JS_700,RS_0208,T0214,新式標點,范振業大德提供新式標點
JS_701,RS_0094,T0089,新式標點,法雨道場提供新式標點
JS_702,RS_0537,T0687,新式標點,陳伯勳大德提供新式標點
JS_703,RS_0512,T0583,新式標點,釋振溥法師提供新式標點
JS_704,RS_0491,T0529,新式標點,Jasmine提供新式標點
JS_705,RS_0102bz,T0499,新式標點,Jasmine提供新式標點
JS_706,RS_0544,T0724,新式標點,三寶弟子提供新式標點
JS_707,RS_0517,T0597,新式標點,釋振溥法師提供新式標點
JS_708,RS_0493,T0531,新式標點,釋振溥法師提供新式標點
JS_709,RS_0508,T0556,新式標點,釋振溥法師提供新式標點
JS_710,RS_0513,T0581,新式標點,釋振溥法師提供新式標點
JS_711,RS_0494,T0537,新式標點,Jasmine提供新式標點
JS_712,RS_0559,T0737,新式標點,Jasmine提供新式標點
JS_713,RS_0482,T0508,新式標點,Jasmine提供新式標點
JS_714,RS_0577,T0765,新式標點,JaeroChen提供新式標點
JS_715,RS_0564,T0743,新式標點,JaeroChen提供新式標點
JS_716,RS_0479,T0796,新式標點,Jasmine提供新式標點
JS_717,RS_0209,T0216,新式標點,CBETA提供新式標點
JS_718,RS_0471,T0494,新式標點,Jasmine提供新式標點
JS_719,RS_0495,T0538,新式標點,Jasmine提供新式標點
JS_720,RS_0538,T0703,新式標點,李明芳大德提供新式標點
JS_721,RS_0509,T0571,新式標點,Jasmine提供新式標點
JS_722,RS_0141,T0590,新式標點,三寶弟子提供新式標點
JS_723,RS_0473,T0497,新式標點,Jasmine提供新式標點
JS_724,RS_0522,T0604,新式標點,侯淑娟提供新式標點
JS_725,RS_0478,T0503,新式標點,三寶弟子提供新式標點
JS_726,RS_0104z,T0612,新式標點,黃金愛大德提供新式標點
JS_727,RS_0129,T0801,新式標點,三寶弟子提供新式標點
JS_728,RS_0066,T0756,新式標點,Xian大德提供新式標點
JS_729,RS_0193,T0199,新式標點,法雨道場提供新式標點
JS_730,RS_0562,T0741,新式標點,三寶弟子提供新式標點
JS_731,RS_0556,T0733,新式標點,Jasmine提供新式標點
JS_732,RS_0483,T0512,新式標點,Jasmine提供新式標點
JS_733,RS_0191,T0197,新式標點,毛佩君大德提供新式標點
JS_734,RS_0514,T0584,新式標點,Jasmine提供新式標點
JS_735,RS_0210,T0217,新式標點,法雨道場提供新式標點
JS_736,RS_0113,T0504,新式標點,Jasmine提供新式標點
JS_737,RS_0587,T0799,新式標點,三寶弟子提供新式標點
JS_738,RS_1373,T1325,新式標點,Xian提供新式標點
JS_739,RS_0083,T0080,新式標點,三寶弟子提供新式標點
JS_740,RS_0569,T0753,新式標點,陳伯勳大德提供新式標點
JS_741,RS_0565,T0747b,新式標點,李明芳大德提供新式標點
JS_742,RS_0568b,T0751b,新式標點,李明芳大德提供新式標點
JS_743,RS_0497,T0541,新式標點,Jasmine提供新式標點
JS_744,RS_0472,T0496,新式標點,Jasmine提供新式標點
JS_745,RS_0558,T0736,新式標點,Jasmine提供新式標點
JS_746,RS_0475,T0500,新式標點,十字杵提供新式標點
JS_747,RS_0477,T0502,新式標點,三寶弟子提供新式標點
JS_748,RS_0476,T0501,新式標點,三寶弟子提供新式標點
JS_749,RS_0584,T0794b,新式標點,Jasmine提供新式標點
JS_750,RS_0563,T0742,新式標點,三寶弟子提供新式標點
JS_751,RS_0578,T0777,新式標點,三寶弟子提供新式標點
JS_752,RS_0515,T0592,新式標點,三寶弟子提供新式標點
JS_753,RS_0566,T0748,新式標點,Jasmine提供新式標點
JS_754,RS_0593,T0786,新式標點,三寶弟子提供新式標點
JS_755,RS_0147,T0800,新式標點,Jasmine提供新式標點
JS_756,RS_0496,T0539,新式標點,Jasmine提供新式標點
JS_757,RS_0488,T0522,新式標點,Jasmine提供新式標點
JS_758,RS_1303,T1262,新式標點,張革豐大德提供新式標點
JS_759,RS_0487,T0521,新式標點,Jasmine提供新式標點
JS_760,RS_0054,T0582,新式標點,釋振溥法師提供新式標點
JS_761,RS_0536,T0684,新式標點,三寶弟子提供新式標點
JS_762,RS_0063,T0062,新式標點,法雨道場提供新式標點
JS_763,RS_0146,T0215,新式標點,毛佩君、廖予安大德提供新式標點
JS_764,RS_0107,T0150B,新式標點,法雨道場提供新式標點
JS_765,RS_1542,T1481,新式標點,李明芳大德提供新式標點
JS_766,RS_0590,T0826,新式標點,黃金愛大德提供新式標點
JS_767,RS_0591,T0827,新式標點,毛佩君、廖予安、廖予慈大德提供新式標點
JS_768,RS_0683,T0544,新式標點,Jasmine提供新式標點
JS_769,RS_0510,T0578,新式標點,Jasmine提供新式標點
JS_770,RS_0498,T0542,新式標點,Jasmine提供新式標點
JS_771,RS_0484,T0517,新式標點,Jasmine提供新式標點
JS_772,RS_0486,T0519,新式標點,Jasmine提供新式標點
JS_773,RS_0485,T0518,新式標點,Jasmine提供新式標點
JS_774,RS_0489,T0523,新式標點,Jasmine提供新式標點
JS_775,RS_0539,T0707,新式標點,西蓮淨苑提供新式標點
JS_776,RS_0588,T0805,新式標點,三寶弟子提供新式標點
JS_777,RS_0561,T0740,新式標點,陳伯勳大德提供新式標點
JS_778,RS_0519,T0613,新式標點,李明芳大德提供新式標點
JS_779,RS_0521,T0603,新式標點,黃金愛大德提供新式標點
JS_780,RS_0567,T0749,新式標點,Jasmine提供新式標點
JS_781,RS_1072,T1050,新式標點,李明芳大德提供新式標點
JS_782,RS_0084,T0081,新式標點,法雨道場提供新式標點
JS_783,RS_1021,T0999,新式標點,高萌大德提供新式標點
JS_784,RS_0331,T0299,新式標點,果赴提供新式標點
JS_785,RS_0954,T0937,新式標點,李明芳大德提供新式標點
JS_786,RS_1202,T1164,新式標點,gaoyuefeng提供新式標點
JS_787,RS_0365,T0333,新式標點,西蓮淨苑提供新式標點
JS_788,RS_0684,T0546,新式標點,Jasmine提供新式標點
JS_789,RS_1046,T1025,新式標點,李明芳大德提供新式標點
JS_790,RS_0787,T0704,新式標點,三寶弟子提供新式標點
JS_791,RS_0641,T0472,新式標點,釋常諦法師提供新式標點
JS_792,RS_1184,T1147,新式標點,李明芳大德提供新式標點
JS_793,RS_1070,T1048,新式標點,李明芳大德提供新式標點
JS_794,RS_0960,T0943,新式標點,李明芳大德提供新式標點
JS_795,RS_0990a,T0974A,新式標點,gaoyuefeng提供新式標點
JS_796,RS_0288,T0258,新式標點,CBETA提供新式標點
JS_797,RS_1448,T1402,新式標點,李明芳大德提供新式標點
JS_798,RS_1400,T1355,新式標點,李明芳大德提供新式標點
JS_799,RS_1438,T1392,新式標點,李明芳大德提供新式標點
JS_800,RS_0571,T0758,新式標點,JaeroChen提供新式標點
JS_801,RS_1169,T1347,新式標點,李明芳大德提供新式標點
JS_802,RS_1043,T1023,新式標點,李明芳大德提供新式標點
JS_803,RS_0804,T0722,新式標點,JaeroChen提供新式標點
JS_804,RS_0382,T0352,新式標點,李明芳大德提供新式標點
JS_805,RS_0516,T0595,新式標點,波羅提供新式標點
JS_806,RS_0572,T0759,新式標點,毛佩君、廖予安、廖予慈大德提供新式標點
JS_807,RS_1534,T1473,新式標點,李明芳大德提供新式標點
JS_808,RS_1203,T1165,新式標點,gaoyuefeng提供新式標點
JS_809,RS_0796,T0705,新式標點,三寶弟子提供新式標點
JS_810,RS_1344,T1303,新式標點,李明芳大德提供新式標點
JS_811,RS_0576,T0764,新式標點,李明芳大德提供新式標點
JS_812,RS_1138,T1105,新式標點,李明芳大德提供新式標點
JS_813,RS_0540,T0719,新式標點,JaeroChen提供新式標點
JS_814,RS_1139,T1106,新式標點,李明芳大德提供新式標點
JS_815,RS_1076,T1054,新式標點,李明芳大德提供新式標點
JS_816,RS_1528,T1468,新式標點,李明芳大德提供新式標點
JS_817,RS_0861,T0846,新式標點,黃金愛大德提供新式標點
JS_818,RS_1147,T1114,新式標點,李明芳大德提供新式標點
JS_819,RS_1762,T1692,新式標點,李明芳大德提供新式標點
JS_820,RS_0545,T0725,新式標點,陳伯勳大德提供新式標點
JS_821,RS_0913,T0896,新式標點,JaeroChen大德提供新式標點
JS_822,RS_1540,T1479,新式標點,李明芳大德提供新式標點
JS_823,RS_1541,T1480,新式標點,李明芳大德提供新式標點
JS_824,RS_0935,T0919,新式標點,釋慈印法師提供新式標點
JS_825,RS_0604,T0437,新式標點,Jasmine提供新式標點
JS_826,RS_1457,T1411,新式標點,李明芳大德提供新式標點
JS_827,RS_0289,T0259,新式標點,CBETA提供新式標點
JS_828,RS_1449,T1403,新式標點,李明芳大德提供新式標點
JS_829,RS_1418,T1371,新式標點,李明芳大德提供新式標點
JS_830,RS_1454,T1408,新式標點,李明芳大德提供新式標點
JS_831,RS_1417,T1370,新式標點,李明芳大德提供新式標點
JS_832,RS_1277,T1236,新式標點,李明芳大德提供新式標點
JS_833,RS_1459,T1413,新式標點,李明芳大德提供新式標點
JS_834,RS_1443,T1398,新式標點,李明芳大德提供新式標點
JS_835,RS_1450,T1404,新式標點,李明芳大德提供新式標點
JS_836,RS_0716,T0594,新式標點,Jasmine提供新式標點
JS_837,RS_1458,T1412,新式標點,李明芳大德提供新式標點
JS_838,RS_0818,T0782,新式標點,三寶弟子提供新式標點
JS_839,RS_0720,T0601,新式標點,吉格艾諾提供新式標點
JS_840,RS_1160,T1127,新式標點,李明芳大德提供新式標點
JS_841,RS_1461,T1415,新式標點,李明芳大德提供新式標點
JS_842,RS_1149,T1116,新式標點,李明芳大德提供新式標點
JS_843,RS_1298,T1257,新式標點,李明芳大德提供新式標點
JS_844,RS_1295,T1254,新式標點,李明芳大德提供新式標點
JS_845,RS_1296b,T1255b,新式標點,李明芳大德提供新式標點
JS_846,RS_1297,T1256,新式標點,李明芳大德提供新式標點
JS_847,RS_0076,T0074,新式標點,法雨道場提供新式標點
JS_848,RS_1286,T1245,新式標點,李明芳大德提供新式標點
JS_849,RS_0004,T0003,新式標點,法雨道場提供新式標點
JS_850,RS_0021,T0019,新式標點,法雨道場提供新式標點
JS_851,RS_0226,T0166,新式標點,Jasmine提供新式標點
JS_852,RS_1159,T1126,新式標點,李明芳大德提供新式標點
JS_853,RS_1423,T1376,新式標點,李明芳大德提供新式標點
JS_854,RS_1069,T1047,新式標點,李明芳大德提供新式標點
JS_855,RS_1058,T1036,新式標點,李明芳大德提供新式標點
JS_856,RS_1402,T1359,新式標點,李明芳大德提供新式標點
JS_857,RS_1456,T1410,新式標點,李明芳大德提供新式標點
JS_858,RS_0185,T0191,新式標點,范振業大德提供新式標點
JS_859,RS_0003,T0002,新式標點,法雨道場提供新式標點
JS_860,RS_0134,T0804,新式標點,三寶弟子提供新式標點
JS_861,RS_0268,T0242,新式標點,CBETA提供新式標點
JS_862,RS_0393,T0363,新式標點,范振業大德提供新式標點
JS_863,RS_0255,T0229,新式標點,CBETA提供新式標點
JS_864,RS_0276,T0249,新式標點,CBETA提供新式標點
JS_865,RS_0609,T0439,新式標點,張曌昱大德提供新式標點
JS_866,RS_0797,T0711,新式標點,釋振溥法師提供新式標點
JS_867,RS_1447,T1401,新式標點,李明芳大德提供新式標點
JS_868,RS_1161,T1128,新式標點,李明芳大德提供新式標點
JS_869,RS_0032,T0030,新式標點,法雨道場提供新式標點
JS_870,RS_1000,T0978,新式標點,李明芳大德提供新式標點
JS_871,RS_1733,T1663,新式標點,李明芳大德提供新式標點
JS_872,RS_0353,T0321,新式標點,毛佩君、廖予安、廖予慈大德提供新式標點
JS_873,RS_0149,T0775,新式標點,Jasmine提供新式標點
JS_874,RS_1419,T1372,新式標點,李明芳大德提供新式標點
JS_875,RS_1071,T1049,新式標點,李明芳大德提供新式標點
JS_876,RS_1564,T1497,新式標點,佛教電腦資訊庫功德會提供新式標點
JS_877,RS_1455,T1409,新式標點,李明芳大德提供新式標點
JS_878,RS_0274,T0248,新式標點,CBETA提供新式標點
JS_879,RS_1206a,T1168A,新式標點,李明芳大德提供新式標點
JS_880,RS_0321,T0290,新式標點,毛佩君、廖予安、廖予慈大德提供新式標點
JS_881,RS_1378,T1330,新式標點,李明芳大德提供新式標點
JS_882,RS_1761,T1691,新式標點,李明芳大德提供新式標點
JS_883,RS_1431,T1385,新式標點,李明芳大德提供新式標點
JS_884,RS_1446,T1400,新式標點,李明芳大德提供新式標點
JS_885,RS_1432,T1386,新式標點,李明芳大德提供新式標點
JS_886,RS_1433,T1387,新式標點,李明芳大德提供新式標點
JS_887,RS_1430,T1384,新式標點,李明芳大德提供新式標點
JS_888,RS_1429,T1383,新式標點,李明芳大德提供新式標點
JS_889,RS_1178,T1143,新式標點,李明芳大德提供新式標點
JS_890,RS_1445,T1399,新式標點,李明芳大德提供新式標點
JS_891,RS_0951,T0934,新式標點,陳伯勳大德提供新式標點
JS_892,RS_1151,T1118,新式標點,李明芳大德提供新式標點
JS_893,RS_1436,T1390,新式標點,李明芳大德提供新式標點
JS_894,RS_1453,T1407,新式標點,李明芳大德提供新式標點
JS_895,RS_1426,T1379,新式標點,李明芳大德提供新式標點
JS_896,RS_0145,T0126,新式標點,法雨道場提供新式標點
JS_897,RS_1755,T1685,新式標點,李明芳大德提供新式標點
JS_898,RS_0160,T0845,新式標點,黃金愛大德提供新式標點
JS_899,RS_0043,T0041,新式標點,法雨道場提供新式標點
JS_900,RS_0009,T0009,新式標點,法雨道場提供新式標點
JS_901,RS_0117,T0715,新式標點,釋振溥法師提供新式標點
JS_902,RS_0127,T0802,新式標點,Jasmine提供新式標點
JS_903,RS_0011,T0045,新式標點,法雨道場提供新式標點
JS_904,RS_1371,T1380,新式標點,李明芳大德提供新式標點
JS_905,RS_1137,T1104,新式標點,李明芳大德提供新式標點
JS_906,RS_1427,T1381,新式標點,李明芳大德提供新式標點
JS_907,RS_1326,T1285,新式標點,李明芳大德提供新式標點
JS_908,RS_1413,T1366,新式標點,李明芳大德提供新式標點
JS_909,RS_1150,T1117,新式標點,李明芳大德提供新式標點
JS_910,RS_0136,T0117,新式標點,法雨道場提供新式標點
JS_911,RS_1227,T1186,新式標點,李明芳大德提供新式標點
JS_912,RS_1435,T1389,新式標點,李明芳大德提供新式標點
JS_913,RS_1428,T1382,新式標點,李明芳大德提供新式標點
JS_914,RS_1177,T1142,新式標點,李明芳大德提供新式標點
JS_915,RS_1185,T1148,新式標點,李明芳大德提供新式標點
JS_916,RS_0658,T0488,新式標點,CBETA提供新式標點
JS_917,RS_1172,T1140,新式標點,李明芳大德提供新式標點
JS_918,RS_1395,T1350,新式標點,李明芳大德提供新式標點
JS_919,RS_1451,T1405,新式標點,李明芳大德提供新式標點
JS_920,RS_0808,T0766,新式標點,Jasmine提供新式標點
JS_921,RS_0020,T0018,新式標點,法雨道場提供新式標點
JS_922,RS_0064,T0063,新式標點,法雨道場提供新式標點
JS_923,RS_0017,T0015,新式標點,法雨道場提供新式標點
JS_924,RS_0727,T0628,新式標點,毛佩君、廖予安、廖予慈大德提供新式標點
JS_925,RS_0376,T0346,新式標點,毛佩君、廖予安、廖予慈大德提供新式標點
JS_926,RS_0254,T0228,新式標點,佛教電腦資訊庫功德會提供新式標點
JS_927,RS_0574,T0762,新式標點,黃金愛大德提供新式標點
JS_928,RS_0071,T0069,新式標點,法雨道場提供新式標點
JS_929,RS_0088,T0084,新式標點,范振業大德提供新式標點
JS_930,RS_0165,T0718,新式標點,波羅提供新式標點
JS_931,RS_0109,T0104,新式標點,法雨道場提供新式標點
JS_932,RS_0016,T0052,新式標點,法雨道場提供新式標點
JS_933,RS_0853,T0838,新式標點,黃金愛大德提供新式標點
JS_934,RS_0283,T0257,新式標點,摩訶工作室提供新式標點
JS_935,RS_0859,T0843,新式標點,黃金愛大德提供新式標點
JS_936,RS_0153,T0130,新式標點,法雨道場提供新式標點
JS_937,RS_0013,T0012,新式標點,法雨道場提供新式標點
JS_938,RS_0500,T0549,新式標點,Jasmine提供新式標點
JS_939,RS_1424,T1377,新式標點,李明芳大德提供新式標點
JS_940,RS_1460,T1414,新式標點,李明芳大德提供新式標點
JS_941,RS_0754,T0654,新式標點,如佛提供新式標點
JS_942,RS_0085,T0755,新式標點,JaeroChen提供新式標點
JS_943,RS_0904,T0886,新式標點,陳伯勳大德提供新式標點
JS_944,RS_0090,T0085,新式標點,法雨道場提供新式標點
JS_945,RS_0474,T0498,新式標點,Jasmine提供新式標點
JS_946,RS_0363,T0331,新式標點,毛佩君、廖予安、廖予慈大德提供新式標點
JS_947,RS_0142,T0121,新式標點,法雨道場提供新式標點
JS_948,RS_0123,T0219,新式標點,釋常諦法師提供新式標點
JS_949,RS_0211,T0218,新式標點,范振業大德提供新式標點
JS_950,RS_0012,T0011,新式標點,法雨道場提供新式標點
JS_951,RS_0010,T0010,新式標點,法雨道場提供新式標點
JS_952,RS_0233,T0173,新式標點,范振業大德提供新式標點
JS_953,RS_0570,T0757,新式標點,黃金愛大德提供新式標點
JS_954,RS_0219,T0159,新式標點,法雨道場提供新式標點
JS_955,RS_1039,T1009,新式標點,李明芳大德提供新式標點
JS_956,RS_1044a,T1022A,新式標點,李明芳大德提供新式標點
JS_957,RS_1293a,T1252b,新式標點,李明芳大德提供新式標點
JS_958,RS_1294,T1253,新式標點,李明芳大德提供新式標點
JS_959,RS_1170,T1135,新式標點,李明芳大德提供新式標點
JS_960,RS_1305a,T1264b,新式標點,李明芳大德提供新式標點
JS_961,RS_1201,T1163,新式標點,gaoyuefeng提供新式標點
JS_962,RS_0800,T0710,新式標點,釋振溥法師提供新式標點
JS_963,RS_0662,T0489,新式標點,Jasmine提供新式標點
JS_964,RS_0272,T0246,新式標點,CBETA提供新式標點
JS_965,RS_1269,T1228,新式標點,李明芳大德提供新式標點
JS_966,RS_1270,T1229,新式標點,李明芳大德提供新式標點
JS_967,RS_0603,T0438,新式標點,釋心植法師提供新式標點
JS_968,RS_1565,T1498,新式標點,三寶弟子提供新式標點
JS_969,RS_1014,T0989,新式標點,李明芳大德提供新式標點
JS_970,RS_0776,T0682,新式標點,李明芳大德提供新式標點
JS_971,RS_0464,T0424,新式標點,邱昱翔提供新式標點
JS_972,RS_1133,T1100,新式標點,李明芳大德提供新式標點
JS_973,RS_1285,T1244,新式標點,李明芳大德提供新式標點
JS_974,RS_0637,T0469,新式標點,釋常諦法師提供新式標點
JS_975,RS_0442,T0400,新式標點,范振業大德提供新式標點
JS_976,RS_0405,T0372,新式標點,陳伯勳大德提供新式標點
JS_977,RS_1019,T0997,新式標點,毛佩君、廖予安、廖予慈大德提供新式標點
JS_978,RS_0358,T0326,新式標點,Jasmine提供新式標點
JS_979,RS_1059,T1037,新式標點,李明芳大德提供新式標點
JS_980,RS_1207,T1167,新式標點,李明芳大德提供新式標點
JS_981,RS_1372,T1324,新式標點,李明芳大德提供新式標點
JS_982,RS_1370,T1323,新式標點,李明芳大德提供新式標點
JS_983,RS_1354,T1313,新式標點,Xian提供新式標點
JS_984,RS_1359,T1318,新式標點,李明芳大德提供新式標點
JS_985,RS_0140,T0095,新式標點,法雨道場提供新式標點
JS_986,RS_1129,T1099,新式標點,李明芳大德提供新式標點
JS_987,RS_0666,T0516,新式標點,Jasmine提供新式標點
JS_988,RS_0040,T0038,新式標點,法雨道場提供新式標點
JS_989,RS_0030,T0028,新式標點,法雨道場提供新式標點
JS_990,RS_0273,T0247,新式標點,CBETA提供新式標點
JS_991,RS_0860,T0844,新式標點,毛佩君、廖予安、廖予慈大德提供新式標點
JS_992,RS_0008,T0008,新式標點,法雨道場提供新式標點
JS_993,RS_0682,T0543,新式標點,Jasmine提供新式標點
JS_994,RS_0644,T0473,新式標點,釋常諦法師提供新式標點
JS_995,RS_0089,T0776,新式標點,Jasmine提供新式標點
JS_996,RS_0617,T0490,新式標點,CBETA提供新式標點
JS_997,RS_1420,T1373,新式標點,李明芳大德提供新式標點
JS_998,RS_0275,T0230,新式標點,CBETA提供新式標點
JS_999,RS_1143,T1110,新式標點,李明芳大德提供新式標點
JS_1000,RS_1462,T1416,新式標點,李明芳大德提供新式標點
JS_1001,RS_1130,T1002,新式標點,李明芳大德提供新式標點
JS_1002,RS_0453,T0412,新式標點,中華佛教百科文獻基金會提供新式標點
JS_1003,RS_0291,T0261,新式標點,CBETA提供新式標點
JS_1004,RS_0348,T0316,新式標點,CBETA提供新式標點
JS_1005,RS_0671,T0524,新式標點,三寶弟子提供新式標點
JS_1006,RS_0150,T0706,新式標點,三寶弟子提供新式標點
JS_1007,RS_1434,T1388,新式標點,李明芳大德提供新式標點
JS_1008,RS_0980,T0964,新式標點,李明芳大德提供新式標點
JS_1009,RS_0979,T0963,新式標點,李明芳大德提供新式標點
JS_1010,RS_0225,T0165,新式標點,范振業大德提供新式標點
JS_1011,RS_0753,T0652,新式標點,釋心陞法師提供新式標點
JS_1012,RS_0387,T0359,新式標點,邱昱翔提供新式標點
JS_1013,RS_0732,T0634,新式標點,釋振溥法師提供新式標點
JS_1014,RS_0575,T0763,新式標點,黃金愛大德提供新式標點
JS_1015,RS_0999,T0977,新式標點,李明芳大德提供新式標點
JS_1016,RS_0900,T0882,新式標點,Jasmine大德提供新式標點
JS_1017,RS_0907,T0889,新式標點,黃金愛大德提供新式標點
JS_1018,RS_1284,T1243,新式標點,李明芳大德提供新式標點
JS_1019,RS_0883,T0865,新式標點,毛佩君、廖予安、廖予慈大德提供新式標點
JS_1020,RS_1061,T1039,新式標點,李明芳大德提供新式標點
JS_1021,RS_0908,T0890,新式標點,JaeroChen大德提供新式標點
JS_1022,RS_0970,T0953,新式標點,高萌大德提供新式標點
JS_1023,RS_0967,T0950,新式標點,毛佩君、廖予安、廖予慈大德提供新式標點
JS_1024,RS_1030,T1008,新式標點,李明芳大德提供新式標點
JS_1025,RS_0902,T0884,新式標點,黃金愛大德提供新式標點
JS_1026,RS_0903,T0885,新式標點,毛佩君、廖予安、廖予慈大德提供新式標點
JS_1027,RS_1029a,T1005A,新式標點,gaoyuefeng提供新式標點
JS_1028,RS_0901,T0883,新式標點,毛佩君、廖予安、廖予慈大德提供新式標點
JS_1029,RS_1162,T1129,新式標點,李明芳大德提供新式標點
JS_1030,RS_0905,T0887,新式標點,毛佩君、廖予安、廖予慈大德提供新式標點
JS_1031,RS_1231,T1190,新式標點,李明芳大德提供新式標點
JS_1032,RS_0267,T0241,新式標點,CBETA提供新式標點
JS_1033,RS_0269,T0243,新式標點,CBETA提供新式標點
JS_1034,RS_1190,T1152,新式標點,李明芳大德提供新式標點
JS_1035,RS_0822,T0789,新式標點,齊丐提供新式標點
JS_1036,RS_1329,T1288,新式標點,李明芳大德提供新式標點
JS_1037,RS_0270,T0244,新式標點,佛教電腦資訊庫功德會提供新式標點
JS_1038,RS_0885,T0867,新式標點,陳伯勳大德提供新式標點
JS_1039,RS_1255,T1217,新式標點,李明芳大德提供新式標點
JS_1040,RS_1232,T1192,新式標點,李明芳大德提供新式標點
JS_1041,RS_1191,T1153,新式標點,李明芳大德提供新式標點
JS_1042,RS_0344,T0312,新式標點,CBETA提供新式標點
JS_1043,RS_1215a,T1177A,新式標點,李明芳大德提供新式標點
JS_1044,RS_1325,T1284,新式標點,李明芳大德提供新式標點
JS_1045,RS_1324,T1283,新式標點,李明芳大德提供新式標點
JS_1046,RS_1055,T1033,新式標點,李明芳大德提供新式標點
JS_1047,RS_1268,T1227,新式標點,李明芳大德提供新式標點
JS_1048,RS_0956,T0939,新式標點,毛佩君、廖予安、廖予慈大德提供新式標點
JS_1049,RS_1134,T1101,新式標點,李明芳大德提供新式標點
JS_1050,RS_1073,T1051,新式標點,李明芳大德提供新式標點
JS_1051,RS_0898,T0880,新式標點,毛佩君、廖予安、廖予慈大德提供新式標點
JS_1052,RS_1464,T1418,新式標點,李明芳大德提供新式標點
JS_1053,RS_1317,T1276,新式標點,李明芳大德提供新式標點
JS_1054,RS_1095,T1069,新式標點,李明芳大德提供新式標點
JS_1055,RS_1219,T1191,新式標點,Jasmine提供新式標點
JS_1056,RS_1208,T1169,新式標點,李明芳大德提供新式標點
JS_1057,RS_1209,T1170,新式標點,李明芳大德提供新式標點
JS_1058,RS_1313,T1272,新式標點,李明芳大德提供新式標點
JS_1059,RS_0910,T0892,新式標點,毛佩君、廖予安、廖予慈大德提供新式標點
JS_1060,RS_0909,T0891,新式標點,陳伯勳大德提供新式標點
JS_1061,RS_1283,T1242,新式標點,李明芳大德提供新式標點
JS_1062,RS_1240a,T1200,新式標點,李明芳大德提供新式標點
JS_1063,RS_1263b,T1222b,新式標點,李明芳大德提供新式標點
JS_1064,RS_1752,T1682,新式標點,李明芳大德提供新式標點
JS_1065,RS_1748a,T1678,新式標點,李明芳大德提供新式標點
JS_1066,RS_1748z,G2075,原書標點,CBETA人工輸入（版本二）
JS_1067,RS_1749,T1679,新式標點,李明芳大德提供新式標點
JS_1068,RS_1141bz,T1108A,新式標點,李明芳大德提供新式標點
JS_1069,RS_1141b,T1108B,新式標點,李明芳大德提供新式標點
JS_1070,RS_0976,T0960,新式標點,李明芳大德提供新式標點
JS_1071,RS_1745,T1675,新式標點,李明芳大德提供新式標點
JS_1072,RS_1754,T1684,新式標點,李明芳大德提供新式標點
JS_1073,RS_1747,T1677,新式標點,李明芳大德提供新式標點
JS_1074,RS_1237az,G2073,原書標點,CBETA人工輸入（版本二）
JS_1075,RS_1237,T1197,新式標點,李明芳大德提供新式標點
JS_1076,RS_1236,T1196,新式標點,李明芳大德提供新式標點
JS_1077,RS_1164,T1131,新式標點,李明芳大德提供新式標點
JS_1078,RS_1075az,T1055,新式標點,李明芳大德提供新式標點
JS_1079,RS_1075bz,X1644,原書標點,CBETA掃瞄辨識
JS_1080,RS_1075a,T1053,新式標點,清涼月提供新式標點
JS_1081,RS_1074,T1052,新式標點,李明芳大德提供新式標點
JS_1082,RS_1077,T1055,新式標點,李明芳大德提供新式標點
JS_1083,RS_1140,T1107,新式標點,李明芳大德提供新式標點
JS_1084,RS_1757,T1687,新式標點,李明芳大德提供新式標點
JS_1085,RS_1753,T1683,新式標點,李明芳大德提供新式標點
JS_1086,RS_1548,T1487,新式標點,三寶弟子提供新式標點
JS_1087,RS_1569,T1503,新式標點,李明芳大德提供新式標點
JS_1088,RS_1553,T0460,新式標點,Jasmine提供新式標點
JS_1089,RS_1652,T1582,新式標點,李明芳大德提供新式標點
JS_1090,RS_1651,T1581,新式標點,李明芳大德提供新式標點
JS_1091,RS_1545,T1484,新式標點,李明芳大德提供新式標點
JS_1092,RS_1549,T1488,新式標點,波羅大德提供新式標點
JS_1093,RS_1554,T1490,新式標點,李明芳大德提供新式標點
JS_1094,RS_1560,T1493,新式標點,李明芳大德提供新式標點
JS_1095,RS_1556,T0459,新式標點,毛佩君、廖予安、廖予慈大德提供新式標點
JS_1096,RS_1546,T1485,新式標點,李明芳大德提供新式標點
JS_1097,RS_1547,T1486,新式標點,三寶弟子提供新式標點
JS_1098,RS_1561,T1494,新式標點,李明芳大德提供新式標點
JS_1099,RS_1550,T0653,新式標點,黃金愛大德提供新式標點
JS_1100a,RS_1567,T1500,新式標點,南林尼僧苑提供新式標點
JS_1100b,RS_1566,T1499,新式標點,李明芳大德提供新式標點
JS_1101,RS_1568,T1501,新式標點,南林尼僧苑提供新式標點
JS_1102,RS_1551,T0631,新式標點,釋振溥法師提供新式標點
JS_1103,RS_0719,T0600,新式標點,三寶弟子提供新式標點
JS_1104,RS_1552,T1489,新式標點,李明芳大德提供新式標點
JS_1105,RS_1571,T1504,新式標點,李明芳大德提供新式標點
JS_1106,RS_1558,T1491,新式標點,三寶弟子提供新式標點
JS_1107,RS_1557,T0483,新式標點,如佛提供新式標點
JS_1108,RS_1570,T1502,新式標點,三寶弟子提供新式標點
JS_1109,RS_1559,T1492,新式標點,李明芳大德提供新式標點
JS_1110,RS_1543,T1482,新式標點,李明芳大德提供新式標點
JS_1111,RS_1521,T1460,新式標點,李明芳大德提供新式標點
JS_1112,RS_1527,T1466,新式標點,李明芳大德提供新式標點
JS_1113,RS_1515,T1454,新式標點,釋本禪法師提供新式標點
JS_1114,RS_1530,T1469,新式標點,李明芳大德提供新式標點
JS_1115,RS_1529a,T1467a,新式標點,李明芳大德提供新式標點
JS_1116,RS_1538,T1477,新式標點,三寶弟子提供新式標點
JS_1117,RS_1537,T1476,新式標點,三寶弟子提供新式標點
JS_1118,RS_1496a,T1435,新式標點,釋本禪法師提供新式標點
JS_1119,RS_2377,T1810,新式標點,南林尼僧苑提供新式標點
JS_1120,RS_1489,T1428,新式標點,釋本禪法師提供新式標點
JS_1121,RS_1503,T1442,新式標點,釋本禪法師提供新式標點
JS_1122,RS_1486,T1425,新式標點,釋本禪法師提供新式標點
JS_1123,RS_2368b,T1808,新式標點,北京龍泉寺提供新式標點
JS_1124,RS_1512,T1451,新式標點,釋本禪法師提供新式標點
JS_1125,RS_1482,T1421,新式標點,南林尼僧苑提供新式標點
JS_1126,RS_1511,T1450,新式標點,釋本禪法師提供新式標點
JS_1127,RS_1504,T1443,新式標點,釋本禪法師提供新式標點
JS_1128,RS_1523,T1462,新式標點,釋明法法師提供新式標點
JS_1129,RS_1531,T1470,新式標點,李明芳大德提供新式標點
JS_1130,RS_1519,T1458,新式標點,釋本禪法師提供新式標點
JS_1131,RS_2376,T1809,新式標點,南林尼僧苑提供新式標點
JS_1132,RS_1495,T1434,新式標點,南林尼僧苑提供新式標點
JS_1133,RS_1525,T1464,新式標點,李明芳大德提供新式標點
JS_1134,RS_1514,T1453,新式標點,釋本禪法師提供新式標點
JS_1135,RS_1502,T1441,新式標點,李明芳大德提供新式標點
JS_1136,RS_1513,T1452,新式標點,釋本禪法師提供新式標點
JS_1137,RS_1501,T1440,新式標點,李明芳大德提供新式標點
JS_1138a,RS_2694,T1904,原書標點,北美某大德提供
JS_1138b,RS_2695,T1905,原書標點,北美某大德提供
JS_1139,RS_1524,T1463,新式標點,李明芳大德提供新式標點
JS_1140,RS_1522,T1461,新式標點,李明芳大德提供新式標點
JS_1141,RS_1517,T1456,新式標點,釋本禪法師提供新式標點
JS_1142,RS_1518,T1457,新式標點,釋本禪法師提供新式標點
JS_1143,RS_0328,T0297,新式標點,果赴提供新式標點
JS_1144,RS_1520,T1459,新式標點,釋本禪法師提供新式標點
JS_1145,RS_1496b,T1435,新式標點,釋本禪法師提供新式標點
JS_1146,RS_1532,T1471,新式標點,李明芳大德提供新式標點
JS_1147,RS_1494,T1433,新式標點,南林尼僧苑提供新式標點
JS_1148,RS_1539,T1478,新式標點,李明芳大德提供新式標點
JS_1149,RS_1544b,T1483b,新式標點,李明芳大德提供新式標點
JS_1150,RS_1516,T1455,新式標點,釋本禪法師提供新式標點
JS_1151,RS_1488b,T1427,新式標點,釋本禪法師提供新式標點
JS_1152,RS_1535,T1474,新式標點,高萌大德提供新式標點
JS_1153,RS_1526,T1465,新式標點,李明芳大德提供新式標點
JS_1154,RS_1485,T1424,新式標點,李明芳大德提供新式標點
JS_1155,RS_2355,T1429,新式標點,南林尼僧苑提供新式標點
JS_1156,RS_1492b,T1431,新式標點,南林尼僧苑提供新式標點
JS_1157,RS_1483b,T1422b,新式標點,李明芳大德提供新式標點
JS_1158,RS_1484,T1423,新式標點,李明芳大德提供新式標點
JS_1159,RS_1487,T1426,新式標點,釋本禪法師提供新式標點
JS_1160,RS_1497b,T1436,新式標點,釋本禪法師提供新式標點
JS_1161,RS_1498b,T1437,新式標點,釋本禪法師提供新式標點
JS_1162,RS_1499,T1438,新式標點,李明芳大德提供新式標點
JS_1163,RS_1493,T1432,新式標點,南林尼僧苑提供新式標點
JS_1164,RS_1533,T1472,新式標點,李明芳大德提供新式標點
JS_1165,RS_1536,T1475,新式標點,李明芳大德提供新式標點
JS_1166,RS_1500,T1439,新式標點,李明芳大德提供新式標點
JS_1167,RS_1577b,T1510b,新式標點,Salian大德提供新式標點
JS_1168,RS_1579,T1511,新式標點,李明芳大德提供新式標點
JS_1169,RS_1576,T1509,新式標點,厚觀法師提供新式標點
JS_1170,RS_1649,T1579,新式標點,《瑜伽師地論》資料庫提供新式標點
JS_1171a,RS_1668,T1598,新式標點,李明芳大德提供新式標點
JS_1171b,RS_1666,T1595,新式標點,李明芳大德提供新式標點
JS_1171c,RS_1667,T1596,新式標點,李明芳大德提供新式標點
JS_1171d,RS_1665,T1597,新式標點,李明芳大德提供新式標點
JS_1172,RS_1692,T1619,新式標點,李明芳大德提供新式標點
JS_1173,RS_1693,T1624,新式標點,李明芳大德提供新式標點
JS_1174,RS_1694,T1625,新式標點,李明芳大德提供新式標點
JS_1175,RS_1683,T1613,新式標點,李明芳大德提供新式標點
JS_1176,RS_1682,T1612,新式標點,波羅大德提供新式標點
JS_1177,RS_1672,T1602,新式標點,李明芳大德提供新式標點
JS_1178,RS_1676,T1606,新式標點,李明芳大德提供新式標點
JS_1179,RS_1633,T1564,新式標點,李明芳大德提供新式標點
JS_1180,RS_1588,T1521,新式標點,厚觀法師提供新式標點
JS_1181,RS_1730,T1660,新式標點,李明芳大德提供新式標點
JS_1182,RS_0195,T0201,新式標點,法雨道場提供新式標點
JS_1183,RS_1664,T1593,新式標點,李明芳大德提供新式標點
JS_1184,RS_1663,T1592,新式標點,李明芳大德提供新式標點
JS_1185,RS_1636,T1566,新式標點,李明芳大德提供新式標點
JS_1186,RS_1638,T1568,新式標點,波羅大德提供新式標點
JS_1187,RS_1686,T1616,新式標點,李明芳大德提供新式標點
JS_1188,RS_1639,T1569,新式標點,李明芳大德提供新式標點
JS_1189,RS_1640,T1570,新式標點,李明芳大德提供新式標點
JS_1190,RS_1674,T1604,新式標點,淨藏大德提供新式標點
JS_1191,RS_1598,T1531,新式標點,李明芳大德提供新式標點
JS_1192,RS_1582,T1515,新式標點,李明芳大德提供新式標點
JS_1193,RS_1599,T1532,新式標點,李明芳大德提供新式標點
JS_1194,RS_1589,T1522,新式標點,李明芳大德提供新式標點
JS_1195,RS_1597,T1530,新式標點,Jasmine大德提供新式標點
JS_1196,RS_1601,T1534,新式標點,李明芳大德提供新式標點
JS_1197,RS_1654,T1585,新式標點,李明芳大德提供新式標點
JS_1198,RS_1641,T1571,新式標點,李明芳大德提供新式標點
JS_1199,RS_1675,T1605,新式標點,李明芳大德提供新式標點
JS_1200,RS_1685,T1615,新式標點,李明芳大德提供新式標點
JS_1201,RS_1650,T1580,新式標點,李明芳大德提供新式標點
JS_1202,RS_1673,T1603,新式標點,李明芳大德提供新式標點
JS_1203,RS_1592,T1525,新式標點,Jasmine大德提供新式標點
JS_1204,RS_1591,T1524,新式標點,李明芳大德提供新式標點
JS_1205,RS_1600,T1533,新式標點,李明芳大德提供新式標點
JS_1206,RS_1594,T1527,新式標點,李明芳大德提供新式標點
JS_1207,RS_1595,T1528,新式標點,李明芳大德提供新式標點
JS_1208,RS_1581,T1514,新式標點,李明芳大德提供新式標點
JS_1209,RS_1596,T1529,新式標點,李明芳大德提供新式標點
JS_1210,RS_1661,T1591,新式標點,李明芳大德提供新式標點
JS_1211,RS_1710,T1651,新式標點,李明芳大德提供新式標點
JS_1212,RS_1643,T1573,新式標點,李明芳大德提供新式標點
JS_1213,RS_1684,T1614,新式標點,李明芳大德提供新式標點
JS_1214,RS_1657,T1587,新式標點,李明芳大德提供新式標點
JS_1215,RS_1655,T1586,新式標點,西蓮淨苑提供新式標點
JS_1216,RS_1720,T1630,新式標點,李明芳大德提供新式標點
JS_1217,RS_1656,T1618,新式標點,李明芳大德提供新式標點
JS_1218,RS_1729,T1659,新式標點,李明芳大德提供新式標點
JS_1219,RS_1687,T1617,新式標點,李明芳大德提供新式標點
JS_1220,RS_1680,T1610,新式標點,李明芳大德提供新式標點
JS_1221,RS_1678,T1609,新式標點,李明芳大德提供新式標點
JS_1222,RS_1679,T1608,新式標點,李明芳大德提供新式標點
JS_1223,RS_1719,T1629,新式標點,李明芳大德提供新式標點
JS_1224,RS_1718,T1628,新式標點,李明芳大德提供新式標點
JS_1225,RS_1714,T1655,新式標點,李明芳大德提供新式標點
JS_1226,RS_1716,T1657,新式標點,李明芳大德提供新式標點
JS_1227,RS_1711,T1652,新式標點,李明芳大德提供新式標點
JS_1228,RS_1690,T1622,新式標點,李明芳大德提供新式標點
JS_1229,RS_1691,T1623,新式標點,李明芳大德提供新式標點
JS_1230,RS_1677,T1607,新式標點,李明芳大德提供新式標點
JS_1231a,RS_1580,T1513,新式標點,李明芳大德提供新式標點
JS_1231b,RS_2420,T1817,新式標點,CBETA提供新式標點
JS_1232,RS_1586,T1519,新式標點,李明芳大德提供新式標點
JS_1233,RS_1587b,T1520,新式標點,李明芳大德提供新式標點
JS_1234,RS_1590,T1523,新式標點,李明芳大德提供新式標點
JS_1235,RS_1653,T1584,新式標點,李明芳大德提供新式標點
JS_1236,RS_1681,T1611,新式標點,李明芳大德提供新式標點
JS_1237,RS_1648,T1578,新式標點,李明芳大德提供新式標點
JS_1238,RS_1658,T1588,新式標點,李明芳大德提供新式標點
JS_1239,RS_1659,T1589,新式標點,李明芳大德提供新式標點
JS_1240,RS_1660,T1590,新式標點,李明芳大德提供新式標點
JS_1241,RS_1593,T1526,新式標點,李明芳大德提供新式標點
JS_1242,RS_1647,T1577,新式標點,李明芳大德提供新式標點
JS_1243,RS_1724,T1634,新式標點,李明芳大德提供新式標點
JS_1244a,RS_1669,T1600,新式標點,李明芳大德提供新式標點
JS_1244b,RS_1671,T1601,新式標點,李明芳大德提供新式標點
JS_1245,RS_1635,T1565,新式標點,李明芳大德提供新式標點
JS_1246,RS_1662,T1594,新式標點,Lilneige大德提供新式標點
JS_1247,RS_1670,T1599,新式標點,李明芳大德提供新式標點
JS_1248a,RS_1737,T1667,新式標點,李明芳大德提供新式標點
JS_1248b,RS_1736,T1666,新式標點,西蓮淨苑提供新式標點
JS_1249,RS_1721,T1631,新式標點,李明芳大德提供新式標點
JS_1250,RS_1723,T1633,新式標點,李明芳大德提供新式標點
JS_1251,RS_1715,T1656,新式標點,李明芳大德提供新式標點
JS_1252,RS_1642,T1572,新式標點,李明芳大德提供新式標點
JS_1253,RS_1689,T1620,新式標點,李明芳大德提供新式標點
JS_1254,RS_1688,T1621,新式標點,李明芳大德提供新式標點
JS_1255,RS_1722,T1632,新式標點,李明芳大德提供新式標點
JS_1256,RS_1696,T1626,新式標點,李明芳大德提供新式標點
JS_1257,RS_1698,T1639,新式標點,李明芳大德提供新式標點
JS_1258,RS_1699,T1640,新式標點,李明芳大德提供新式標點
JS_1259,RS_1706,T1647,新式標點,李明芳大德提供新式標點
JS_1260,RS_1709,T1650,新式標點,李明芳大德提供新式標點
JS_1261,RS_1614,T1545,原書標點,日本瑜伽行思想研究會提供
JS_1262,RS_1615,T1546,新式標點,李明芳大德提供新式標點
JS_1263,RS_1631,T1562,新式標點,李明芳大德提供新式標點
JS_1264,RS_1632,T1563,新式標點,李明芳大德提供新式標點
JS_1265,RS_1627,T1558,新式標點,李明芳大德提供新式標點
JS_1266,RS_1617,T1548,新式標點,李明芳大德提供新式標點
JS_1267,RS_1628,T1559,新式標點,李明芳大德提供新式標點
JS_1268,RS_1629,T1560,新式標點,李明芳大德提供新式標點
JS_1269,RS_1572,T1506,新式標點,李明芳大德提供新式標點
JS_1270,RS_1708,T1649,新式標點,李明芳大德提供新式標點
JS_1271,RS_1613,T1543,新式標點,李明芳大德提供新式標點
JS_1272,RS_1705,T1646,新式標點,李明芳大德提供新式標點
JS_1273,RS_1612,T1544,新式標點,厚觀法師提供新式標點
JS_1274,RS_1605,T1536,新式標點,李明芳大德提供新式標點
JS_1275,RS_1610,T1542,新式標點,李明芳大德提供新式標點
JS_1276,RS_1622,T1553,新式標點,李明芳大德提供新式標點
JS_1277,RS_1616,T1547,新式標點,李明芳大德提供新式標點
JS_1278,RS_1700,T1641,新式標點,李明芳大德提供新式標點
JS_1279,RS_1608,T1539,新式標點,李明芳大德提供新式標點
JS_1280,RS_1609,T1540,新式標點,李明芳大德提供新式標點
JS_1281,RS_1624,T1555,新式標點,李明芳大德提供新式標點
JS_1282,RS_3605,T2032,原書標點,北美某大德提供
JS_1283,RS_3606,T2033,原書標點,北美某大德提供
JS_1284,RS_3604,T2031,原書標點,北美某大德提供
JS_1285,RS_1621,T1552,新式標點,李明芳大德提供新式標點
JS_1286,RS_1619,T1550,新式標點,李明芳大德提供新式標點
JS_1287,RS_1618,T1549,新式標點,李明芳大德提供新式標點
JS_1288,RS_1574,T1507,新式標點,李明芳大德提供新式標點
JS_1289,RS_1623,T1554,新式標點,李明芳大德提供新式標點
JS_1290,RS_1611,T1541,新式標點,李明芳大德提供新式標點
JS_1291,RS_1707,T1648,新式標點,李明芳大德提供新式標點
JS_1292,RS_1620,T1551,新式標點,李明芳大德提供新式標點
JS_1293,RS_3902,T2138,原書標點,北美某大德提供
JS_1294,RS_1606,T1537,新式標點,李明芳大德提供新式標點
JS_1295,RS_1703,T1644,新式標點,李明芳大德提供新式標點
JS_1296,RS_1726,T1636,新式標點,李明芳大德提供新式標點
JS_1297,RS_1739,T1669,新式標點,李明芳大德提供新式標點
JS_1298,RS_3901,T2137,原書標點,北美某大德提供
JS_1299,RS_1734,T1664,新式標點,李明芳大德提供新式標點
JS_1300,RS_1728,T1638,新式標點,李明芳大德提供新式標點
JS_1301,RS_1701,T1642,新式標點,李明芳大德提供新式標點
JS_1302,RS_1731,T1661,新式標點,李明芳大德提供新式標點
JS_1303,RS_1644,T1574,新式標點,李明芳大德提供新式標點
JS_1304,RS_1727,T1637,新式標點,李明芳大德提供新式標點
JS_1305,RS_1645,T1575,新式標點,李明芳大德提供新式標點
JS_1306,RS_1646,T1576,新式標點,李明芳大德提供新式標點
JS_1307,RS_1584,T1518,新式標點,李明芳大德提供新式標點
JS_1308,RS_1585,T1517,新式標點,李明芳大德提供新式標點
JS_1309,RS_1725,T1635,新式標點,李明芳大德提供新式標點
JS_1310,RS_0220,T0160,新式標點,范振業大德提供新式標點
JS_1311,RS_1583,T1516,新式標點,李明芳大德提供新式標點
JS_1312,RS_1712,T1653,新式標點,李明芳大德提供新式標點
JS_1313,RS_1717,T1658,新式標點,李明芳大德提供新式標點
JS_1314,RS_1637,T1567,新式標點,李明芳大德提供新式標點
JS_1315,RS_1607,T1538,新式標點,李明芳大德提供新式標點
JS_1316,RS_1697,T1627,新式標點,李明芳大德提供新式標點
JS_1317,RS_1735,T1665,新式標點,李明芳大德提供新式標點
JS_1318,RS_1704,T1645,新式標點,李明芳大德提供新式標點
JS_1319,RS_0206,T0212,新式標點,法雨道場提供新式標點
JS_1320,RS_0196,T0202,新式標點,法雨道場提供新式標點
JS_1321,RS_0187,T0193,新式標點,范振業大德提供新式標點
JS_1322,RS_0194,T0200,新式標點,法雨道場提供新式標點
JS_1323,RS_0533,T0606,新式標點,三寶弟子提供新式標點
JS_1324,RS_0534,T0607,新式標點,黃金愛大德提供新式標點
JS_1325,RS_0583,T0793,新式標點,三寶弟子提供新式標點
JS_1326,RS_0573,T0760,新式標點,毛佩君、廖予安、廖予慈大德提供新式標點
JS_1327,RS_0197,T0203,新式標點,范振業大德提供新式標點
JS_1328,RS_0428,T0393,新式標點,范振業大德提供新式標點
JS_1329,RS_0972,T0955,新式標點,高萌大德提供新式標點
JS_1330,RS_0429,T0394,新式標點,毛佩君、廖予安、廖予慈大德提供新式標點
JS_1331,RS_3601,T2029,原書標點,北美某大德提供
JS_1332,RS_0585,T0795,新式標點,波羅提供新式標點
JS_1333,RS_0177,T0096,新式標點,法雨道場提供新式標點
JS_1334,RS_0329,T0296,新式標點,陳伯勳大德提供新式標點
JS_1335,RS_0618,T0491,新式標點,CBETA提供新式標點
JS_1336,RS_0535,T0608,新式標點,Jasmine提供新式標點
JS_1337,RS_1575,T1508,新式標點,李明芳大德提供新式標點
JS_1338,RS_3652,T2058,原書標點,北美某大德提供
JS_1339,RS_0530,T0618,新式標點,侯淑娟提供新式標點
JS_1340,RS_0526,T0616,新式標點,陳伯勳大德提供新式標點
JS_1341,RS_3629,T2043,原書標點,北美某大德提供
JS_1342,RS_3630,T2044,原書標點,北美某大德提供
JS_1343,RS_0810,T0768,新式標點,三寶弟子提供新式標點
JS_1344,RS_1626,T1557,新式標點,李明芳大德提供新式標點
JS_1345,RS_1760,T1690,新式標點,李明芳大德提供新式標點
JS_1346,RS_1759,T1689,新式標點,李明芳大德提供新式標點
JS_1347,RS_0543,T0723,新式標點,三寶弟子提供新式標點
JS_1348,RS_0525,T0614,新式標點,黃金愛大德提供新式標點
JS_1349,RS_0186,T0192,新式標點,法雨道場提供新式標點
JS_1350,RS_0188,T0194,新式標點,法雨道場提供新式標點
JS_1351,RS_0205,T0211,新式標點,法雨道場提供新式標點
JS_1352,RS_1732,T1662,新式標點,李明芳大德提供新式標點
JS_1353,RS_0893,T0874,新式標點,黃金愛大德提供新式標點
JS_1354,RS_1340,T1299,新式標點,李明芳大德提供新式標點
JS_1355,RS_0213,T0153,新式標點,Jasmine提供新式標點
JS_1356,RS_1740b,T1670B,新式標點,李明芳大德提供新式標點
JS_1357,RS_0200,T0206,新式標點,法雨道場提供新式標點
JS_1358,RS_0527,T0609,新式標點,邱昱翔提供新式標點
JS_1359,RS_0531,T0610,新式標點,如佛提供新式標點
JS_1360,RS_0532,T0611,新式標點,侯淑娟提供新式標點
JS_1361,RS_3599,T2027,原書標點,北美某大德提供
JS_1362,RS_0203,T0209,新式標點,法雨道場提供新式標點
JS_1363,RS_0204,T0210,新式標點,毛佩君、廖予安大德提供新式標點
JS_1364,RS_0202,T0208,新式標點,張曌昱大德提供新式標點
JS_1365,RS_3631,T2045,原書標點,北美某大德提供
JS_1366,RS_0199,T0205,新式標點,張曌昱大德提供新式標點
JS_1367,RS_0541,T0720,新式標點,JaeroChen提供新式標點
JS_1368,RS_1229,T1188,新式標點,李明芳大德提供新式標點
JS_1369,RS_3600,T2028,原書標點,北美某大德提供
JS_1370,RS_0198,T0204,新式標點,法雨道場提供新式標點
JS_1371,RS_0528,T0617,新式標點,林政賜提供新式標點
JS_1372,RS_0189,T0195,新式標點,CBETA提供新式標點
JS_1373,RS_1756,T1686,新式標點,李明芳大德提供新式標點
JS_1374,RS_1746,T1676,新式標點,李明芳大德提供新式標點
JS_1375,RS_1275,T1234,新式標點,李明芳大德提供新式標點
JS_1376,RS_1276,T1235,新式標點,李明芳大德提供新式標點
JS_1377,RS_0547,T0727,新式標點,波羅提供新式標點
JS_1378,RS_1573,T1505,新式標點,李明芳大德提供新式標點
JS_1379,RS_0524,T0619,新式標點,李明芳大德提供新式標點
JS_1380,RS_0862,T0847,新式標點,毛佩君、廖予安、廖予慈大德提供新式標點
JS_1381,RS_1078,T1056,新式標點,李明芳大德提供新式標點
JS_1382,RS_1758,T1688,新式標點,李明芳大德提供新式標點
JS_1383,RS_0906,T0888,新式標點,黃金愛大德提供新式標點
JS_1384,RS_1152,T1119,新式標點,李明芳大德提供新式標點
JS_1385,RS_1236,T1196,新式標點,李明芳大德提供新式標點
JS_1386,RS_1022,T1000,新式標點,李明芳大德提供新式標點
JS_1387,RS_1249,T1209,新式標點,李明芳大德提供新式標點
JS_1388,RS_1155,T1122,新式標點,李明芳大德提供新式標點
JS_1389,RS_1166,T1133,新式標點,李明芳大德提供新式標點
JS_1390,RS_1301,T1260,新式標點,李明芳大德提供新式標點
JS_1391,RS_0957,T0940,新式標點,李明芳大德提供新式標點
JS_1392,RS_1117a,T1085,新式標點,李明芳大德提供新式標點
JS_1393,RS_0873,T0856,新式標點,黃健倫大德提供新式標點
JS_1394,RS_1318,T1277,新式標點,李明芳大德提供新式標點
JS_1395,RS_1214,T1176,新式標點,李明芳大德提供新式標點
JS_1396,RS_1266,T1225,新式標點,李明芳大德提供新式標點
JS_1397,RS_1010a,T0983A,新式標點,毛佩君、廖予安、廖予慈大德提供新式標點
JS_1398,RS_1158,T1125,新式標點,李明芳大德提供新式標點
JS_1399,RS_0965,T0948,新式標點,李明芳大德提供新式標點
JS_1400,RS_1118,T1086,新式標點,李明芳大德提供新式標點
JS_1401,RS_1307,T1266,新式標點,李明芳大德提供新式標點
JS_1402,RS_0874,T0857,新式標點,黃健倫大德提供新式標點
JS_1403,RS_1213,T1174,新式標點,李明芳大德提供新式標點
JS_1404,RS_1018,T0996,新式標點,李明芳大德提供新式標點
JS_1405,RS_1025,T1003,新式標點,李明芳大德提供新式標點
JS_1406,RS_1228,T1187,新式標點,李明芳大德提供新式標點
JS_1407,RS_1165,T1132,新式標點,李明芳大德提供新式標點
JS_1408,RS_1156,T1123,新式標點,李明芳大德提供新式標點
JS_1409,RS_1158,T1125,新式標點,李明芳大德提供新式標點
JS_1410,RS_0947,T0930,新式標點,陳伯勳大德提供新式標點
JS_1411,RS_1251,T1211,新式標點,李明芳大德提供新式標點
JS_1412,RS_1135,T1102,新式標點,李明芳大德提供新式標點
JS_1413,RS_1053,T1031,新式標點,李明芳大德提供新式標點
JS_1414,RS_0529,T0615,新式標點,邱昱翔提供新式標點
JS_1415,RS_0813,T0771,新式標點,三寶弟子提供新式標點
JS_1416,RS_1181,T1146,新式標點,李明芳大德提供新式標點
JS_1417,RS_1017,T0995,新式標點,李明芳大德提供新式標點
JS_1418,RS_0938,T0921,新式標點,陳伯勳大德提供新式標點
JS_1419,RS_0988,T0972,新式標點,gaoyuefeng提供新式標點
JS_1420,RS_1254a,T1214,新式標點,李明芳大德提供新式標點
JS_1421,RS_1254b,T1215,新式標點,李明芳大德提供新式標點
JS_1422,RS_1254c,T1216,新式標點,李明芳大德提供新式標點
JS_1423,RS_0912a,T0894a,新式標點,毛佩君、廖予安、廖予慈大德提供新式標點
JS_1424,RS_1242,T1202,新式標點,李明芳大德提供新式標點
JS_1425,RS_0894,T0876,新式標點,毛佩君、廖予安、廖予慈大德提供新式標點
JS_1426,RS_1210b,T1171,新式標點,李明芳大德提供新式標點
JS_1427,RS_1054,T1032,新式標點,李明芳大德提供新式標點
JS_1428,RS_0948,T0932,新式標點,黃金愛大德提供新式標點
JS_1429,RS_0949,T0931,新式標點,黃金愛大德提供新式標點
JS_1430,RS_1239,T1199,新式標點,李明芳大德提供新式標點
JS_1431,RS_0888,T0870,新式標點,陳伯勳大德提供新式標點
JS_1432,RS_0971a,T0954A,新式標點,高萌大德提供新式標點
JS_1433,RS_1016,T0994,新式標點,李明芳大德提供新式標點
JS_1434,RS_0891,T0873,新式標點,陳伯勳大德提供新式標點
JS_1435,RS_1122,T1090,新式標點,李明芳大德提供新式標點
JS_1436,RS_1233,T1193,新式標點,李明芳大德提供新式標點
JS_1437,RS_0207,T0213,新式標點,法雨道場提供新式標點
JS_1438,RS_1743,T1673,新式標點,李明芳大德提供新式標點
JS_1439,RS_1744,T1674,新式標點,李明芳大德提供新式標點
JS_1440,RS_1157,T1124,新式標點,李明芳大德提供新式標點
JS_1441,RS_0926a,T0908,新式標點,陳伯勳大德提供新式標點
JS_1442,RS_1092,T1066,新式標點,李明芳大德提供新式標點
JS_1443,RS_1234,T1194,新式標點,李明芳大德提供新式標點
JS_1444,RS_1211,T1172,新式標點,李明芳大德提供新式標點
JS_1445,RS_1210a,T1171,新式標點,李明芳大德提供新式標點
JS_1446,RS_0887,T0869,新式標點,陳伯勳大德提供新式標點
JS_1447,RS_1302,T1261,新式標點,李明芳大德提供新式標點
JS_1448,RS_1041,T1019,新式標點,李明芳大德提供新式標點
JS_1449,RS_1026,T1004,新式標點,李明芳大德提供新式標點
JS_1450,RS_0921a,T0903,新式標點,高萌大德提供新式標點
JS_1451,RS_0897,T0879,新式標點,陳伯勳大德提供新式標點
JS_1452,RS_0932,T0915,新式標點,高萌大德提供新式標點
JS_1453,RS_1235,T1195,新式標點,李明芳大德提供新式標點
JS_1454,RS_1750,T1680,新式標點,李明芳大德提供新式標點
JS_1455,RS_0454,T0413,新式標點,黃金愛大德提供新式標點
JS_1456,RS_3628,T2042,原書標點,北美某大德提供
JS_1457,RS_1751,T1681,新式標點,李明芳大德提供新式標點
JS_1458,RS_3632,T2046,原書標點,北美某大德提供
JS_1459,RS_3633b,T2047b,原書標點,北美某大德提供
JS_1460,RS_3634,T2048,原書標點,北美某大德提供
JS_1461,RS_3635,T2049,原書標點,北美某大德提供
JS_1462,RS_1742,T1672,新式標點,李明芳大德提供新式標點
JS_1463,RS_3598,T2026,原書標點,北美某大德提供
JS_1464,RS_3602,T2030,原書標點,北美某大德提供
JS_1465,RS_1361,T1319,新式標點,李明芳大德提供新式標點
JS_1466,RS_3623,T2040,原書標點,北美某大德提供
JS_1467,RS_3624,T2041,原書標點,北美某大德提供
JS_1468,RS_3778,T2088,原書標點,北美某大德提供
JS_1469,RS_3801,T2104,原書標點,北美某大德提供
JS_1470,RS_3802,T2105,原書標點,北美某大德提供
JS_1471,RS_3887,T2121,原書標點,北美某大德提供
JS_1472,RS_3890,T2123,原書標點,北美某大德提供
JS_1473,RS_1384,T1336,新式標點,李明芳大德提供新式標點
JS_1474,RS_3958,T2145,原書標點,北美某大德提供
JS_1475,RS_2853,T1955,原書標點,北美某大德提供
JS_1476,RS_2854,T1956,原書標點,北美某大德提供
JS_1477,RS_3799,T2102,原書標點,北美某大德提供
JS_1478,RS_3818,T2108,原書標點,北美某大德提供
JS_1479,RS_3800,T2103,原書標點,北美某大德提供
JS_1480,RS_3888,T2122,原書標點,北美某大德提供
JS_1481,RS_3962,T2149,原書標點,北美某大德提供
JS_1482,RS_3962z,T2150,原書標點,北美某大德提供
JS_1483,RS_3803,T2106,原書標點,北美某大德提供
JS_1484,RS_3966,T2154,原書標點,北美某大德提供
JS_1485,RS_3967,T2155,原書標點,北美某大德提供
JS_1486,RS_3963,T2151,原書標點,北美某大德提供
JS_1487,RS_3964,T2152,原書標點,北美某大德提供
JS_1488,RS_3008,T2016,原書標點,佛教電腦資訊庫功德會提供
JS_1489,RS_3653,T2059,新式標點,法鼓人文學院提供新式標點
JS_1490,RS_3661,T2066,原書標點,北美某大德提供
JS_1491,RS_3892,T2125,新式標點,李明芳大德提供新式標點
JS_1492,RS_3654,T2060,原書標點,北美某大德提供
JS_1493,RS_3639,T2053,新式標點,萬金川大德提供新式標點
JS_1494,RS_3655,T2061,新式標點,法鼓人文學院提供新式標點
JS_1495,RS_3775,T2085,原書標點,北美某大德提供
JS_1496,RS_3671,T2063,新式標點,高萌大德提供新式標點
JS_1497,RS_3821,T2111,原書標點,北美某大德提供
JS_1498,RS_3822,T2112,原書標點,北美某大德提供
JS_1499,RS_3819,T2109,原書標點,北美某大德提供
JS_1500,RS_3820,T2110,原書標點,北美某大德提供
JS_1501,RS_3824,T2114,原書標點,北美某大德提供
JS_1502,RS_3777,T2087,新式標點,萬金川大德提供新式標點
JS_1503,RS_3607,T2034,原書標點,北美某大德提供
JS_1504,RS_3842,T1982,原書標點,北美某大德提供
JS_1505,RS_2693,T1903,原書標點,北美某大德提供
JS_1506,RS_2692,T1902,原書標點,北美某大德提供
JS_1507,RS_2691,T1901,原書標點,北美某大德提供
JS_1508,RS_2703,T1909,原書標點,北美某大德提供
JS_1509,RS_2838,T1941,原書標點,北美某大德提供
JS_1510,RS_2839,T1942,原書標點,北美某大德提供
JS_1511,RS_2843,T1945,原書標點,北美某大德提供
JS_1512,RS_3844,T1984,原書標點,北美某大德提供
JS_1513,RS_2906,T1968,原書標點,北美某大德提供
JS_1514,RS_2847,T1949,原書標點,北美某大德提供
JS_1515,RS_2844,T1946,原書標點,北美某大德提供
JS_1516,RS_2848,T1950,原書標點,北美某大德提供
JS_1517,RS_2842,T1944,原書標點,北美某大德提供
JS_1518,RS_2850,T1951,原書標點,北美某大德提供
JS_1519,RS_2845,T1947,原書標點,北美某大德提供
JS_1520,RS_2846,T1948,原書標點,北美某大德提供
JS_1521,RS_2849,T1952,原書標點,北美某大德提供
JS_1522,RS_2704,T1910,原書標點,北美某大德提供
JS_1523,RS_3702,T2076,原書標點,北美某大德提供
JS_1524,RS_2993,T2008,新式標點,西蓮淨苑提供新式標點
JS_1525,RS_3553,P1519,原書標點,CBETA人工輸入（版本二）
JS_1526,RS_3505,T1996,原書標點,北美某大德提供
JS_1527,RS_3708c,T2080,原書標點,北美某大德提供
JS_1528,RS_3708,T2078,原書標點,北美某大德提供
JS_1529,RS_3826,T2115,原書標點,北美某大德提供
JS_1530,RS_3120,T1997,原書標點,北美某大德提供
JS_1531,RS_3127,T1998A,原書標點,北美某大德提供
JS_1532,RS_3130,JA042,新式標點,佛光網站提供新式標點
JS_1533,RS_3129,T1998B,原書標點,北美某大德提供
JS_1534,RS_3122,X1576,AI標點,古籍酷AI自動標點引擎提供新式標點初稿
JS_1535,RS_3203,B0145,基本句讀,dasuiqiu大德提供基本句讀
JS_1536,RS_1914,T1716,新式標點,佛教電腦資訊庫功德會提供新式標點
JS_1537,RS_1916,T1717,新式標點,佛教電腦資訊庫功德會提供新式標點
JS_1538,RS_1926,T1718,新式標點,西蓮淨苑提供新式標點
JS_1539,RS_1927,T1719,新式標點,佛教電腦資訊庫功德會提供新式標點
JS_1540,RS_2764,T1911,新式標點,CBETA提供新式標點
JS_1541,RS_2766,T1912,原書標點,北美某大德提供
JS_1542,RS_2779,T1915,新式標點,中華佛教百科文獻基金會提供新式標點
JS_1543,RS_2770,T1913,原書標點,北美某大德提供
JS_1544,RS_2792,T1924,原書標點,北美某大德提供
JS_1545,RS_2791,T1923,原書標點,北美某大德提供
JS_1546,RS_2100,T1765,新式標點,CBETA提供新式標點
JS_1547,RS_2103,T1767,新式標點,CBETA提供新式標點
JS_1548,RS_2102,T1766,新式標點,CBETA提供新式標點
JS_1549,RS_2796,T1926,原書標點,北美某大德提供
JS_1550,RS_2152,T1783,新式標點,CBETA提供新式標點
JS_1551,RS_2153,T1784,新式標點,CBETA提供新式標點
JS_1552,RS_1778,T1698,新式標點,丁小平大德提供新式標點
JS_1553,RS_2808,T1931,原書標點,北美某大德提供
JS_1554,RS_2157,T1785,新式標點,CBETA提供新式標點
JS_1555,RS_2158,T1786,新式標點,CBETA提供新式標點
JS_1556,RS_2385,T1811,新式標點,北京龍泉寺提供新式標點
JS_1557,RS_1975,T1726,新式標點,毛佩君、廖予安、廖予慈大德提供新式標點
JS_1558,RS_1976,T1727,新式標點,CBETA提供新式標點
JS_1559,RS_1978,T1728,新式標點,毛佩君、廖予安、廖予慈大德提供新式標點
JS_1560,RS_1979,T1729,新式標點,CBETA提供新式標點
JS_1561,RS_2052,T1750,新式標點,李明芳大德提供新式標點
JS_1562,RS_2053,T1751,新式標點,李明芳大德提供新式標點
JS_1563,RS_2785,T1919,原書標點,北美某大德提供
JS_1564,RS_1982,T1800,新式標點,CBETA提供新式標點
JS_1565,RS_1983,T1801,新式標點,CBETA提供新式標點
JS_1566,RS_2790,T1922,原書標點,北美某大德提供
JS_1567,RS_2784,T1918,原書標點,北美某大德提供
JS_1568,RS_1838,T1705,新式標點,CBETA提供新式標點
JS_1569,RS_1840,T1706,新式標點,CBETA提供新式標點
JS_1570,RS_2807,T1930,原書標點,北美某大德提供
JS_1571,RS_2806a,T1929,原書標點,北美某大德提供
JS_1572,RS_2827,T1934,原書標點,北美某大德提供
JS_1573,RS_2782,T1916,新式標點,天台宗電子圖書館提供新式標點
JS_1574,RS_2795,T1925,原書標點,北美某大德提供
JS_1575,RS_2837,T1940,原書標點,北美某大德提供
JS_1576,RS_2896,T1961,新式標點,西蓮淨苑提供新式標點
JS_1577,RS_2789,T1921,原書標點,北美某大德提供
JS_1578,RS_2826,T1933,原書標點,北美某大德提供
JS_1579,RS_3636,T2050,原書標點,北美某大德提供
JS_1580,RS_2774b,T1914,原書標點,北美某大德提供
JS_1581,RS_2823,G1977,原書標點,CBETA人工輸入（版本二）
JS_1582,RS_2841,P1573,原書標點,CBETA人工輸入（版本二）
JS_1583,RS_2797,T1927,新式標點,佛教電腦資訊庫功德會提供新式標點
JS_1584,RS_2799,T1928,新式標點,佛教電腦資訊庫功德會提供新式標點
JS_1585,RS_2816,T1932,原書標點,北美某大德提供
JS_1586,RS_2829,T1935,原書標點,北美某大德提供
JS_1587,RS_3004,T2013,原書標點,北美某大德提供
JS_1588,RS_2832,T1938,原書標點,北美某大德提供
JS_1589,RS_2912,T1971,原書標點,北美某大德提供
JS_1590,RS_2248,P1581,原書標點,CBETA人工輸入（版本二）
JS_1591,RS_1998,T1735,新式標點,CBETA提供新式標點
JS_1592,RS_1999a,T1736,新式標點,CBETA提供新式標點
JS_1593,RS_2611,T1866,原書標點,北美某大德提供
JS_1594,RS_2627,T1874,原書標點,北美某大德提供
JS_1595,RS_2635,T1876,新式標點,藍世任大德提供新式標點
JS_1596,RS_2646,T1886,新式標點,西蓮淨苑提供新式標點
JS_1597,RS_2624,T1871,原書標點,北美某大德提供
JS_1598,RS_2641,T1884,原書標點,北美某大德提供
JS_1599,RS_2425,T1820,新式標點,CBETA提供新式標點
JS_1600,RS_2640,T1883,原書標點,北美某大德提供
JS_1601,RS_1853,T1712,新式標點,丁小平大德提供新式標點
JS_1602,RS_1854,T1713,新式標點,CBETA提供新式標點
JS_1603,RS_2185b,T1792,新式標點,CBETA提供新式標點
JS_1604,RS_2633,T1880,原書標點,北美某大德提供
JS_1605,RS_2075,T1759,新式標點,Jasmine大德提供新式標點
JS_1606,RS_3948,C1169,原書標點,CBETA人工輸入（版本二）
JS_1607,RS_3943b,C1163,原書標點,CBETA人工輸入（版本二）
JS_1608,RS_3944a,K1064,原書標點,CBETA人工輸入（版本二）
JS_1609,RS_3828,T2116,原書標點,北美某大德提供
JS_1610,RS_3960,T2147,原書標點,北美某大德提供
JS_1611,RS_3959,T2146,原書標點,北美某大德提供
JS_1612,RS_3965,T2153,原書標點,北美某大德提供
JS_1613,RS_3978,L1608,原書標點,CBETA人工輸入（版本二）
JS_1614,RS_3976,,,
JS_1615,RS_2171,T1789,新式標點,Z先生提供新式標點
JS_1616,RS_1869,T1714,新式標點,CBETA提供新式標點
JS_1617,RS_1794,T1703,新式標點,毛佩君、廖予安、廖予慈大德提供新式標點
JS_1618,RS_3917,P1610,原書標點,CBETA人工輸入（版本二）
JS_1619,RS_3905,P1611,原書標點,CBETA人工輸入（版本二）
JS_1620,RS_3906,P1612,原書標點,CBETA人工輸入（版本二）
JS_1621,RS_3668,T2064,原書標點,北美某大德提供
JS_1622,RS_3895,P1615,原書標點,CBETA人工輸入（版本二）
JS_1623,RS_2023,X0236,AI標點,古籍酷AI自動標點引擎提供新式標點初稿
JS_1624,RS_1950,X0602,AI標點,古籍酷AI自動標點引擎提供新式標點初稿
JS_1625,RS_2250,P1618,原書標點,CBETA人工輸入（版本二）
JS_1626,RS_2523,L1600,原書標點,CBETA人工輸入（版本二）
JS_1627,RS_2524,T1848,原書標點,北美某大德提供
JS_1628,RS_2577a,T1860,原書標點,北美某大德提供
JS_1629,RS_2577b,X0872,新式標點,李明芳大德提供新式標點
JS_1630,RS_2204a,X0246,新式標點,陳伯勳大德提供新式標點
JS_1631,RS_2205,T1795,新式標點,Z先生提供新式標點
JS_1632,RS_2207,X0248,AI標點,古籍酷AI自動標點引擎提供新式標點初稿
JS_1633,RS_1782,T1701,新式標點,毛佩君、廖予安、廖予慈大德提供新式標點
JS_1634,RS_1783,T1702,新式標點,西蓮淨苑提供新式標點
JS_1635,RS_2131,T1775,新式標點,李明芳大德提供新式標點
JS_1636,RS_2648z,T1886,新式標點,西蓮淨苑提供新式標點
JS_1637,RS_2648,X1032,AI標點,古籍酷AI自動標點引擎提供新式標點初稿
JS_1638,RS_3830,T2118,原書標點,北美某大德提供
JS_1639,RS_2811,P1629,原書標點,CBETA人工輸入（版本二）
JS_1640,RS_3896,P1630,原書標點,CBETA人工輸入（版本二）
JS_1641,RS_3614,T2036,原書標點,北美某大德提供
JS_1642,RS_3026,T2022,原書標點,傳穎法師提供
JS_1643,RS_2000b,X0232,AI標點,古籍酷AI自動標點引擎提供新式標點初稿
JS_1644,RS_3951,T2131,新式標點,佛教電腦資訊庫功德會提供新式標點
JS_1645,RS_3721,X1593,AI標點,古籍酷AI自動標點引擎提供新式標點初稿
JS_1646,RS_3525,T2025,原書標點,佛教電腦資訊庫功德會提供
JS_1647,RS_3829,T2117,原書標點,北美某大德提供
JS_1648,RS_3021,T2023,原書標點,佛教電腦資訊庫功德會提供
JS_1649,RS_3825,T2115,原書標點,北美某大德提供
JS_1650,RS_2592,T1865,原書標點,北美某大德提供
JS_1651,RS_2481,T1836,新式標點,KittyKwong提供新式標點
JS_1652,RS_3007,T2015,原書標點,北美某大德提供
JS_1653,RS_3579,T2020,新式標點,Linden提供新式標點
JS_1654,RS_3578,T2019A,原書標點,佛教電腦資訊庫功德會提供
JS_1655,RS_2572,T1857,原書標點,北美某大德提供
JS_1656,RS_2915,T1973,原書標點,北美某大德提供
JS_1657,RS_3011,T2018,新式標點,徐明启大德提供新式標點
JS_1658,RS_3025,T2021,原書標點,北美某大德提供
JS_1659,RS_3088,T2012A,原書標點,北美某大德提供
JS_1660,RS_3010,T2017,新式標點,CBETA提供新式標點
JS_1661,RS_2644,T1885,原書標點,北美某大德提供
JS_1662,RS_4810,X0010,新式標點,李明芳大德提供新式標點
JS_1663,RS_3239,L1640,原書標點,CBETA人工輸入（版本二）
JS_1664,RS_3719,T2077,原書標點,北美某大德提供
JS_1665,RS_3073b,X1315,AI標點,古籍酷AI自動標點引擎提供新式標點初稿
JS_1666,RS_3534b,X1295,AI標點,古籍酷AI自動標點引擎提供新式標點初稿
JS_1667,RS_3610,T2035,原書標點,北美某大德提供
JS_1668,RS_2001,L1557,原書標點,CBETA人工輸入（版本二）
JS_1669,RS_2010,X0223,新式標點,CBETA提供新式標點
JS_1670,RS_2024,X0240,AI標點,古籍酷AI自動標點引擎提供新式標點初稿
JS_1671,RS_3850,X1470,AI標點,古籍酷AI自動標點引擎提供新式標點初稿
JS_1672,RS_2031,X0229,AI標點,古籍酷AI自動標點引擎提供新式標點初稿
JS_1673,RS_2012,T1741,新式標點,CBETA提供新式標點
JS_1674,RS_2654,T1888,原書標點,北美某大德提供
JS_1675,RS_2021,X0239,新式標點,CBETA提供新式標點
JS_1676,RS_2645,X1014,AI標點,古籍酷AI自動標點引擎提供新式標點初稿
JS_1677,RS_1965,X0616,AI標點,古籍酷AI自動標點引擎提供新式標點初稿
JS_1678,RS_1964,X0615,AI標點,古籍酷AI自動標點引擎提供新式標點初稿
JS_1679,RS_2814b,X0974,AI標點,古籍酷AI自動標點引擎提供新式標點初稿
JS_1680,RS_2814a,T1939,原書標點,北美某大德提供
JS_1681,RS_1960,X0611,AI標點,古籍酷AI自動標點引擎提供新式標點初稿
JS_1682,RS_1951,X0603,AI標點,古籍酷AI自動標點引擎提供新式標點初稿
JS_1683,RS_1958,X0609,AI標點,古籍酷AI自動標點引擎提供新式標點初稿
JS_1684,RS_1941,X0613,AI標點,古籍酷AI自動標點引擎提供新式標點初稿
JS_1685,RS_1925,X0589,AI標點,古籍酷AI自動標點引擎提供新式標點初稿
JS_1686,RS_1966,X0617,AI標點,古籍酷AI自動標點引擎提供新式標點初稿
JS_1687,RS_2255,X0275,AI標點,古籍酷AI自動標點引擎提供新式標點初稿
JS_1688,RS_2251,X0281,AI標點,古籍酷AI自動標點引擎提供新式標點初稿
JS_1689,RS_2267,X0285,AI標點,古籍酷AI自動標點引擎提供新式標點初稿
JS_1690,RS_2267z,X0284,AI標點,古籍酷AI自動標點引擎提供新式標點初稿
JS_1691,RS_2244,X0270,AI標點,古籍酷AI自動標點引擎提供新式標點初稿
JS_1692,RS_2242,T1799,新式標點,Z先生提供新式標點
JS_1693,RS_2254,X0282,AI標點,古籍酷AI自動標點引擎提供新式標點初稿
JS_1694,RS_2247,X0272,AI標點,古籍酷AI自動標點引擎提供新式標點初稿
JS_1695,RS_2283,X0287,AI標點,古籍酷AI自動標點引擎提供新式標點初稿
JS_1696,RS_0767,X0008,新式標點,CBETA提供新式標點
JS_1697,RS_2179,X0329,AI標點,古籍酷AI自動標點引擎提供新式標點初稿
JS_1698,RS_2179z,X0328,AI標點,古籍酷AI自動標點引擎提供新式標點初稿
JS_1699,RS_2201,X0243,新式標點,身外有乾坤提供新式標點
JS_1700,RS_2217,X0258,AI標點,古籍酷AI自動標點引擎提供新式標點初稿
JS_1701,RS_2216,X0260,AI標點,古籍酷AI自動標點引擎提供新式標點初稿
JS_1702,RS_2221,X0262,AI標點,古籍酷AI自動標點引擎提供新式標點初稿
JS_1703,RS_1804,X0478,AI標點,古籍酷AI自動標點引擎提供新式標點初稿
JS_1704,RS_1812,X0486,AI標點,古籍酷AI自動標點引擎提供新式標點初稿
JS_1705,RS_1895,X0562,AI標點,古籍酷AI自動標點引擎提供新式標點初稿
JS_1706,RS_1805,X0479,AI標點,古籍酷AI自動標點引擎提供新式標點初稿
JS_1707,RS_1887,X0555,新式標點,Lynn大德提供新式標點
JS_1708,RS_1806,X0480,AI標點,古籍酷AI自動標點引擎提供新式標點初稿
JS_1709,RS_1810,X0485,AI標點,古籍酷AI自動標點引擎提供新式標點初稿
JS_1710,RS_3810,X1631,AI標點,古籍酷AI自動標點引擎提供新式標點初稿
JS_1711,RS_3813,X1633,AI標點,古籍酷AI自動標點引擎提供新式標點初稿
JS_1712,RS_1818,X0494,AI標點,古籍酷AI自動標點引擎提供新式標點初稿
JS_1713,RS_1871,X0538,新式標點,Lynn大德提供新式標點
JS_1714,RS_1870,X0537,新式標點,Lynn大德提供新式標點
JS_1715,RS_3799z,T2102,原書標點,北美某大德提供
JS_1716,RS_1879,X0546,新式標點,Lynn大德提供新式標點
JS_1717,RS_1883,X0550,新式標點,Lynn大德提供新式標點
JS_1718,RS_2323,JB044,新式標點,黃金愛大德提供新式標點
JS_1719,RS_2110,X0665,AI標點,古籍酷AI自動標點引擎提供新式標點初稿
JS_1720,RS_2197,X0669,AI標點,古籍酷AI自動標點引擎提供新式標點初稿
JS_1721,RS_1368,X1084,AI標點,古籍酷AI自動標點引擎提供新式標點初稿
JS_1722,RS_3949,JB048,新式標點,李明芳大德提供新式標點
JS_1723,RS_3697,X1534,AI標點,古籍酷AI自動標點引擎提供新式標點初稿
JS_1724,RS_3679,X1541,AI標點,古籍酷AI自動標點引擎提供新式標點初稿
JS_1725,RS_3815,X1635,AI標點,古籍酷AI自動標點引擎提供新式標點初稿
JS_1726,RS_3680,X1542,原書標點,LINDEN大德提供
JS_1727,RS_2938,X1172,AI標點,古籍酷AI自動標點引擎提供新式標點初稿
JS_1728,RS_2534,X0765,AI標點,古籍酷AI自動標點引擎提供新式標點初稿
JS_1729,RS_3858,X1478,AI標點,古籍酷AI自動標點引擎提供新式標點初稿
JS_1730,RS_3870,X1489,AI標點,古籍酷AI自動標點引擎提供新式標點初稿
JS_1731,RS_3860,X1480,AI標點,古籍酷AI自動標點引擎提供新式標點初稿
JS_1732,RS_3863,X1482,AI標點,古籍酷AI自動標點引擎提供新式標點初稿
JS_1733,RS_3869,X1488,AI標點,古籍酷AI自動標點引擎提供新式標點初稿
JS_1734,RS_1381j,T1331,新式標點,Jasmine提供新式標點
JS_1735,RS_0854,T0839,新式標點,西蓮淨苑提供新式標點
JS_1736,RS_3859,T1945,原書標點,北美某大德提供
JS_1737,RS_3866,X1485,AI標點,古籍酷AI自動標點引擎提供新式標點初稿
JS_1738,RS_3867,X1486,AI標點,古籍酷AI自動標點引擎提供新式標點初稿
JS_1739,RS_3467,JB198,新式標點,黃金愛大德提供新式標點
JS_1740,RS_2415,X0702,AI標點,古籍酷AI自動標點引擎提供新式標點初稿
JS_1741,RS_2415z,T1488,新式標點,波羅大德提供新式標點
JS_1742,RS_2728,X1121,AI標點,古籍酷AI自動標點引擎提供新式標點初稿
JS_1743,RS_2332,X0745,原書標點,CBETA掃瞄辨識
JS_1744,RS_2794,X0905,AI標點,古籍酷AI自動標點引擎提供新式標點初稿
JS_1745,RS_2300z,X0370,AI標點,古籍酷AI自動標點引擎提供新式標點初稿
JS_1746,RS_2300,X0371,AI標點,古籍酷AI自動標點引擎提供新式標點初稿
JS_1747,RS_1109,X1077,AI標點,古籍酷AI自動標點引擎提供新式標點初稿
JS_1748,RS_2321,X0670,AI標點,古籍酷AI自動標點引擎提供新式標點初稿
JS_1749,RS_1765,X0749,AI標點,古籍酷AI自動標點引擎提供新式標點初稿
JS_1750,RS_2506,X0856,AI標點,古籍酷AI自動標點引擎提供新式標點初稿
JS_1751,RS_2491,X0802,原書標點,LINDEN大德提供
JS_1752a,RS_2597,X0894,AI標點,古籍酷AI自動標點引擎提供新式標點初稿
JS_1752b,RS_2488,X0803,AI標點,古籍酷AI自動標點引擎提供新式標點初稿
JS_1753,RS_2594,X0891,AI標點,古籍酷AI自動標點引擎提供新式標點初稿
JS_1754,RS_2602,T1630,新式標點,李明芳大德提供新式標點
JS_1755,RS_2604a,X0900,AI標點,古籍酷AI自動標點引擎提供新式標點初稿
JS_1756,RS_2605a,X0859,原書標點,CBETA掃瞄辨識
JS_1757,RS_2933,X1162,AI標點,古籍酷AI自動標點引擎提供新式標點初稿
JS_1758,RS_2085,T1762,新式標點,Jasmine大德提供新式標點
JS_1759,RS_2079,X0421,新式標點,李明芳大德提供新式標點
JS_1760,RS_2916,T1974,原書標點,北美某大德提供
JS_1761,RS_2934,X1163,AI標點,古籍酷AI自動標點引擎提供新式標點初稿
JS_1762,RS_2896,T1961,新式標點,西蓮淨苑提供新式標點
JS_1763,RS_2905,T1967,新式標點,西蓮淨苑提供新式標點
JS_1764,RS_2917,T1975,新式標點,西蓮淨苑提供新式標點
JS_1765,RS_2929,X1154,AI標點,古籍酷AI自動標點引擎提供新式標點初稿
JS_1766,RS_2914,T1972,原書標點,北美某大德提供
JS_1767,RS_2921,X1197,AI標點,古籍酷AI自動標點引擎提供新式標點初稿
JS_1768,RS_3848,X1465,AI標點,古籍酷AI自動標點引擎提供新式標點初稿
JS_1769,RS_2909,T1970,原書標點,北美某大德提供
JS_1770,RS_2573,T1858,新式標點,李明芳大德提供新式標點
JS_1771,RS_2537,T1850,原書標點,北美某大德提供
JS_1772,RS_3834,JB090,新式標點,陳伯勳大德提供新式標點
JS_1773,RS_3832,JB091,新式標點,黃金愛大德提供新式標點
JS_1774,RS_3012,X1231,AI標點,古籍酷AI自動標點引擎提供新式標點初稿
JS_1775,RS_2190,X0377,AI標點,古籍酷AI自動標點引擎提供新式標點初稿
JS_1776,RS_2873,X0954,AI標點,古籍酷AI自動標點引擎提供新式標點初稿
JS_1777,RS_3927,JB095,新式標點,黃金愛大德提供新式標點
JS_1778,RS_3919,JB096,新式標點,黃金愛大德提供新式標點
JS_1779,RS_3932,JB097,新式標點,毛佩君、廖予安、廖予慈大德提供新式標點
JS_1780,RS_3510,JB098,新式標點,毛佩君、廖予安、廖予慈大德提供新式標點
JS_1781,RS_3907,L1651,原書標點,CBETA人工輸入（版本二）
JS_1782,RS_3017,X1235,原書標點,林伯謙大德提供
JS_1783,RS_3710,X1560,原書標點,維習安大德提供之ZENCD經文
JS_1784,RS_3658,T2062,原書標點,北美某大德提供
JS_1785,RS_3908,JB103,新式標點,高萌大德提供新式標點
JS_1786,RS_3724,X1580,AI標點,古籍酷AI自動標點引擎提供新式標點初稿
JS_1787,RS_2466,X0820,AI標點,古籍酷AI自動標點引擎提供新式標點初稿
JS_1788,RS_3725,X1594,AI標點,古籍酷AI自動標點引擎提供新式標點初稿
JS_1789,RS_3742,X1602,AI標點,古籍酷AI自動標點引擎提供新式標點初稿
JS_1790,RS_3755,X1607,新式標點,LINDEN大德提供新式標點
JS_1791,RS_3981,JB109,新式標點,毛佩君、廖予安、廖予慈大德提供新式標點
JS_1792,RS_3831,JB110,新式標點,毛佩君、廖予安、廖予慈大德提供新式標點
JS_1793,RS_3833,X1628,AI標點,古籍酷AI自動標點引擎提供新式標點初稿
JS_1794,RS_2931,X1156,AI標點,古籍酷AI自動標點引擎提供新式標點初稿
JS_1795,RS_3537,T2003,原書標點,北美某大德提供
JS_1796,RS_3928,JB348,新式標點,李明芳大德提供新式標點
JS_1797,RS_3522,X1452,AI標點,古籍酷AI自動標點引擎提供新式標點初稿
JS_1798,RS_3235,X1456,AI標點,古籍酷AI自動標點引擎提供新式標點初稿
JS_1799,RS_3523,X1453,AI標點,古籍酷AI自動標點引擎提供新式標點初稿
JS_1800,RS_3236,JB116,新式標點,黃金愛大德提供新式標點
JS_1801,RS_3237,B0085,原書標點,CBETA人工輸入（版本二）
JS_1802,RS_3524,JB118,新式標點,陳伯勳大德提供新式標點
JS_1803,RS_3762,X1641,基本句讀,CBETA提供基本句讀
JS_1804,RS_3836,JB120,新式標點,王薪權大德提供新式標點
JS_1805,RS_3889,JB122,新式標點,王薪權大德提供新式標點
JS_1806,RS_3730,X1618,AI標點,古籍酷AI自動標點引擎提供新式標點初稿
JS_1807,RS_3659,X1626,AI標點,古籍酷AI自動標點引擎提供新式標點初稿
JS_1808,RS_3756,X1620,AI標點,古籍酷AI自動標點引擎提供新式標點初稿
JS_1809,RS_3058,X1287,AI標點,古籍酷AI自動標點引擎提供新式標點初稿
JS_1810,RS_3934,JB127,新式標點,高萌大德提供新式標點
JS_1811,RS_3040,X1271,AI標點,古籍酷AI自動標點引擎提供新式標點初稿
JS_1812,RS_3000,X1223,AI標點,古籍酷AI自動標點引擎提供新式標點初稿
JS_1813,RS_3552,X1309,AI標點,古籍酷AI自動標點引擎提供新式標點初稿
JS_1814,RS_3002,T2006,原書標點,北美某大德提供
JS_1815,RS_3034,X1624,AI標點,古籍酷AI自動標點引擎提供新式標點初稿
JS_1816,RS_3083,X1326,AI標點,古籍酷AI自動標點引擎提供新式標點初稿
JS_1817,RS_3569,JB135,新式標點,CBETA提供新式標點
JS_1818,RS_3714,X1565,原書標點,維習安大德提供之ZENCD經文
JS_1819,RS_3087,JB137,新式標點,李明芳大德提供新式標點
JS_1820,RS_3100,JB138,新式標點,JaeroChen提供新式標點
JS_1821,RS_3142,X1420,AI標點,古籍酷AI自動標點引擎提供新式標點初稿
JS_1822,RS_3116,X1351,AI標點,古籍酷AI自動標點引擎提供新式標點初稿
JS_1823,RS_3169,X1358,AI標點,古籍酷AI自動標點引擎提供新式標點初稿
JS_1824,RS_3171,X1359,AI標點,古籍酷AI自動標點引擎提供新式標點初稿
JS_1825,RS_3173,T1999,原書標點,北美某大德提供
JS_1826,RS_3107,X1342,AI標點,古籍酷AI自動標點引擎提供新式標點初稿
JS_1827,RS_3192,X1397,AI標點,古籍酷AI自動標點引擎提供新式標點初稿
JS_1828,RS_3198,X1400,AI標點,古籍酷AI自動標點引擎提供新式標點初稿
JS_1829,RS_3191,X1394,AI標點,古籍酷AI自動標點引擎提供新式標點初稿
JS_1830,RS_3196,X1395,AI標點,古籍酷AI自動標點引擎提供新式標點初稿
JS_1831,RS_3140,X1419,AI標點,古籍酷AI自動標點引擎提供新式標點初稿
JS_1832,RS_3508,X1449,AI標點,古籍酷AI自動標點引擎提供新式標點初稿
JS_1833,RS_3032,X1577,AI標點,古籍酷AI自動標點引擎提供新式標點初稿
JS_1834,RS_3201,X1396,AI標點,古籍酷AI自動標點引擎提供新式標點初稿
JS_1835,RS_3202,X1399,AI標點,古籍酷AI自動標點引擎提供新式標點初稿
JS_1836,RS_3223,JB154,新式標點,常修慈大德提供新式標點
JS_1837,RS_3230,JB155,新式標點,黃金愛大德提供新式標點
JS_1838,RS_3231,JB156,新式標點,陳伯勳大德提供新式標點
JS_1839,RS_3143,X1421,AI標點,古籍酷AI自動標點引擎提供新式標點初稿
JS_1840,RS_3219,X1416,AI標點,古籍酷AI自動標點引擎提供新式標點初稿
JS_1841,RS_3227,JB159,新式標點,黃金愛大德提供新式標點
JS_1842,RS_3228,JB491,新式標點,高萌大德提供新式標點
JS_1843,RS_3144,X1422,AI標點,古籍酷AI自動標點引擎提供新式標點初稿
JS_1844,RS_3222,X1418,AI標點,古籍酷AI自動標點引擎提供新式標點初稿
JS_1845,RS_3225,JB163,新式標點,高萌大德提供新式標點
JS_1846,RS_3218,X1414,AI標點,古籍酷AI自動標點引擎提供新式標點初稿
JS_1847,RS_3244,JB164,新式標點,CBETA提供新式標點
JS_1848,RS_3226,JB165,新式標點,常修慈大德提供新式標點
JS_1849,RS_3234,JB166,新式標點,CBETA提供新式標點
JS_1850,RS_3246,JB167,新式標點,黃金愛大德提供新式標點
JS_1851,RS_3232,L1637,原書標點,CBETA人工輸入（版本二）
JS_1852,RS_3240,L1638,原書標點,CBETA人工輸入（版本二））
JS_1853,RS_3241,JB171,新式標點,CBETA提供新式標點
JS_1854,RS_3462,X1444,AI標點,古籍酷AI自動標點引擎提供新式標點初稿
JS_1855,RS_3455,JB173,新式標點,黃金愛大德提供新式標點
JS_1856,RS_3464,JB174,新式標點,黃金愛大德提供新式標點
JS_1857,RS_3248,JB175,新式標點,陳伯勳大德提供新式標點
JS_1858,RS_3271z,JB176,新式標點,陳伯勳大德提供新式標點
JS_1859,RS_3271,JB176,新式標點,陳伯勳大德提供新式標點
JS_1860,RS_3249,JB177,新式標點,毛佩君、廖予安、廖予慈大德提供新式標點
JS_1861,RS_3250,JB178,新式標點,陳伯勳大德提供新式標點
JS_1862,RS_3574,JB180,新式標點,毛佩君、廖予安、廖予慈大德提供新式標點
JS_1863,RS_3251,L1643,原書標點,CBETA人工輸入（版本二）
JS_1864,RS_3252,JB182,新式標點,毛佩君、廖予安、廖予慈大德提供新式標點
JS_1865,RS_3253,JB183,新式標點,毛佩君、廖予安、廖予慈大德提供新式標點
JS_1866,RS_3254,,,
JS_1867,RS_3258,JB185,新式標點,毛佩君、廖予安、廖予慈大德提供新式標點
JS_1868,RS_3259,JB186,新式標點,CBETA提供新式標點
JS_1869,RS_3305,JB187,新式標點,毛佩君、廖予安、廖予慈大德提供新式標點
JS_1870,RS_3477,JB188,新式標點,CBETA提供新式標點
JS_1871,RS_3479,JB189,新式標點,陳伯勳大德提供新式標點
JS_1872,RS_3478,JB190,新式標點,毛佩君、廖予安、廖予慈大德提供新式標點
JS_1873,RS_3480,JB191,新式標點,毛佩君、廖予安、廖予慈大德提供新式標點
JS_1874,RS_3496,JB192,新式標點,CBETA提供新式標點
JS_1875,RS_3291,JB193,新式標點,CBETA提供新式標點
JS_1876,RS_3275,JB194,新式標點,陳伯勳大德提供新式標點
JS_1877,RS_3265,L1649,原書標點,CBETA人工輸入（版本二）
JS_1878,RS_3243,JB196,新式標點,陳伯勳大德提供新式標點
JS_1879,RS_3460,JB197,新式標點,毛佩君、廖予安、廖予慈大德提供新式標點
JS_1880,RS_3468,JB199,新式標點,陳伯勳大德提供新式標點
JS_1881,RS_3320,JB200,新式標點,李明芳大德提供新式標點
JS_1882,RS_3461,X1437,AI標點,古籍酷AI自動標點引擎提供新式標點初稿
JS_1883,RS_3294,JB202,新式標點,毛佩君、廖予安、廖予慈大德提供新式標點
JS_1884,RS_3316,JB203,新式標點,毛佩君、廖予安、廖予慈大德提供新式標點
JS_1885,RS_3382,JB204,新式標點,毛佩君、廖予安、廖予慈大德提供新式標點
JS_1886,RS_3300,JB205,新式標點,CBETA提供新式標點
JS_1887,RS_3317,JB206,新式標點,陳伯勳大德提供新式標點
JS_1888,RS_3511,JB207,新式標點,常修慈大德提供新式標點
JS_1889,RS_3260,JB208,新式標點,毛佩君、廖予安、廖予慈大德提供新式標點
JS_1890,RS_3380,JB209,新式標點,黃金愛大德提供新式標點
JS_1891,RS_3299,JB210,新式標點,常修慈大德提供新式標點
JS_1892,RS_3301,JB211,新式標點,CBETA提供新式標點
JS_1893,RS_3311,JB212,新式標點,CBETA提供新式標點
JS_1894,RS_3379,JB213,新式標點,李明芳大德提供新式標點
JS_1895,RS_2750d,JB214,新式標點,李明芳大德提供新式標點
JS_1896,RS_2750e,JB214,新式標點,李明芳大德提供新式標點
JS_1897,RS_3545,JB215,新式標點,李明芳大德提供新式標點
JS_1898,RS_3929,JB216,新式標點,李明芳大德提供新式標點
JS_1899,RS_3028,X1263,AI標點,古籍酷AI自動標點引擎提供新式標點初稿
JS_1900,RS_3347,JB218,新式標點,陳伯勳大德提供新式標點
JS_1901,RS_3247,JB219,新式標點,黃金愛大德提供新式標點
JS_1902,RS_3269,JB220,新式標點,CBETA提供新式標點
JS_1903,RS_3270,JB221,新式標點,李明芳大德提供新式標點
JS_1904,RS_3276,JB222,新式標點,黃金愛大德提供新式標點
JS_1905,RS_3309,JB223,新式標點,CBETA提供新式標點
JS_1906,RS_3376,JB224,新式標點,CBETA提供新式標點
JS_1907,RS_3512,JB225,新式標點,黃金愛大德提供新式標點
JS_1908,RS_3546,JB226,新式標點,高萌大德提供新式標點
JS_1909,RS_3570,JB227,新式標點,常修慈大德提供新式標點
JS_1910,RS_1839a,X0513,AI標點,古籍酷AI自動標點引擎提供新式標點初稿
JS_1911,RS_3418,JB229,新式標點,高萌大德提供新式標點
JS_1912,RS_3389,JB230,新式標點,李明芳大德提供新式標點
JS_1913,RS_3266,JB233,新式標點,CBETA提供新式標點
JS_1914,RS_3267,JB234,新式標點,高萌大德提供新式標點
JS_1915,RS_3277,JB235,新式標點,陳伯勳大德提供新式標點
JS_1916,RS_3349,JB237,新式標點,陳伯勳大德提供新式標點
JS_1917,RS_3146,JB238,新式標點,CBETA提供新式標點
JS_1918,RS_3148,JB240,新式標點,李明芳大德提供新式標點
JS_1919,RS_3149,JB242,新式標點,陳伯勳大德提供新式標點
JS_1920,RS_3150,JB243,新式標點,常修慈大德提供新式標點
JS_1921,RS_3152,JB245,新式標點,陳伯勳大德提供新式標點
JS_1922,RS_3329,JB246,新式標點,常修慈大德提供新式標點
JS_1923,RS_3405,JB247,新式標點,陳伯勳大德提供新式標點
JS_1924,RS_3304,JB248,新式標點,毛佩君、廖予安、廖予慈大德提供新式標點
JS_1925,RS_3487,JB249,新式標點,常修慈大德提供新式標點
JS_1926,RS_2082a,X0424,新式標點,李明芳大德提供新式標點
JS_1927,RS_2734,X1126,AI標點,古籍酷AI自動標點引擎提供新式標點初稿
JS_1928,RS_1970,X0623,AI標點,古籍酷AI自動標點引擎提供新式標點初稿
JS_1929,RS_2361,X0709,AI標點,古籍酷AI自動標點引擎提供新式標點初稿
JS_1930,RS_2373,X0730,AI標點,古籍酷AI自動標點引擎提供新式標點初稿
JS_1931,RS_2401,X0700,AI標點,古籍酷AI自動標點引擎提供新式標點初稿
JS_1932,RS_2743,X1135,AI標點,古籍酷AI自動標點引擎提供新式標點初稿
JS_1933,RS_2723,X1116,AI標點,古籍酷AI自動標點引擎提供新式標點初稿
JS_1934,RS_2726,X1119,AI標點,古籍酷AI自動標點引擎提供新式標點初稿
JS_1935,RS_2751,JB259,新式標點,李明芳大德提供新式標點
JS_1936,RS_2742,X1134,原書標點,CBETA掃瞄辨識
JS_1937,RS_2275,X0306,AI標點,古籍酷AI自動標點引擎提供新式標點初稿
JS_1938,RS_2284,X0303,AI標點,古籍酷AI自動標點引擎提供新式標點初稿
JS_1939,RS_3746,X1608,AI標點,古籍酷AI自動標點引擎提供新式標點初稿
JS_1940,RS_3920,L1636,原書標點,CBETA人工輸入（版本二）
JS_1941,RS_2922a,T1976,新式標點,西蓮淨苑提供新式標點
JS_1942,RS_1784b,JB269,新式標點,CBETA提供新式標點·
JS_1943,RS_3278,JB276,新式標點,CBETA提供新式標點
JS_1944,RS_3233,JB275,新式標點,陳伯勳大德提供新式標點
JS_1945,RS_2260,X0280,AI標點,古籍酷AI自動標點引擎提供新式標點初稿
JS_1946,RS_3567,X1237,AI標點,古籍酷AI自動標點引擎提供新式標點初稿
JS_1947,RS_3980,JB271,新式標點,佛教電腦資訊庫功德會提供新式標點
JS_1948,RS_3450,JB272,新式標點,黃金愛大德提供新式標點
JS_1949,RS_3206,JB273,新式標點,陳伯勳大德提供新式標點
JS_1950,RS_3364,L1652,原書標點,CBETA人工輸入（版本二）
JS_1951,RS_3925,JB277,新式標點,李明芳大德提供新式標點
JS_1952,RS_3720,X1574,AI標點,古籍酷AI自動標點引擎提供新式標點初稿
JS_1953,RS_2599z,JB279,新式標點,李明芳大德提供新式標點
JS_1954,RS_3321,JB280,新式標點,CBETA提供新式標點
JS_1955,RS_3378,JB281,新式標點,毛佩君、廖予安、廖予慈大德提供新式標點
JS_1956,RS_3296,JB282,新式標點,毛佩君、廖予安、廖予慈大德提供新式標點
JS_1957,RS_3910,JB283,新式標點,CBETA提供新式標點
JS_1958,RS_3377,JB284,新式標點,黃金愛大德提供新式標點
JS_1959,RS_3421,JB285,新式標點,常修慈大德提供新式標點
JS_1960,RS_3331,JB286,新式標點,毛佩君、廖予安、廖予慈大德提供新式標點
JS_1961,RS_3312,JB287,新式標點,黃金愛大德提供新式標點
JS_1962,RS_3381,JB288,新式標點,陳伯勳大德提供新式標點
JS_1963,RS_1814,X0488,AI標點,古籍酷AI自動標點引擎提供新式標點初稿
JS_1964,RS_1815,X0489,AI標點,古籍酷AI自動標點引擎提供新式標點初稿
JS_1965,RS_2576,X0870,新式標點,李明芳大德提供新式標點
JS_1966,RS_3909,JB293,新式標點,CBETA提供新式標點
JS_1967,RS_3481,JB294,新式標點,CBETA提供新式標點
JS_1968,RS_3935,JB295,新式標點,CBETA提供新式標點
JS_1969,RS_3921,JB296,新式標點,李明芳大德提供新式標點
JS_1970,RS_2322,X0674,AI標點,古籍酷AI自動標點引擎提供新式標點初稿
JS_1971,RS_3489,JB298,新式標點,CBETA提供新式標點
JS_1972,RS_3261,JB299,新式標點,CBETA提供新式標點
JS_1973,RS_3262,JB300,新式標點,CBETA提供新式標點
JS_1974,RS_3272,JB301,新式標點,CBETA提供新式標點
JS_1975,RS_3732,X1596,AI標點,古籍酷AI自動標點引擎提供新式標點初稿
JS_1976,RS_3334,JB303,新式標點,陳伯勳大德提供新式標點
JS_1977,RS_3513,JB304,新式標點,CBETA提供新式標點
JS_1978,RS_3335,JB305,新式標點,陳伯勳大德提供新式標點
JS_1979,RS_3336,JB306,新式標點,陳伯勳大德提供新式標點
JS_1980,RS_2278,X0286,AI標點,古籍酷AI自動標點引擎提供新式標點初稿
JS_1981,RS_3279,JB308,新式標點,常修慈大德提供新式標點
JS_1982,RS_3342,JB309,新式標點,常修慈大德提供新式標點
JS_1983,RS_3306,JB310,新式標點,常修慈大德提供新式標點
JS_1984,RS_3465,JB311,新式標點,CBETA提供新式標點
JS_1985,RS_3503,JB313,新式標點,常修慈大德提供新式標點
JS_1986,RS_2331,X0744,原書標點,CBETA掃瞄辨識
JS_1987,RS_2358,X0717,AI標點,古籍酷AI自動標點引擎提供新式標點初稿
JS_1988,RS_2400,X0695,AI標點,古籍酷AI自動標點引擎提供新式標點初稿
JS_1989,RS_2725,X1118,AI標點,古籍酷AI自動標點引擎提供新式標點初稿
JS_1990,RS_2741,X1133,AI標點,古籍酷AI自動標點引擎提供新式標點初稿
JS_1991,RS_3873,X1492,AI標點,古籍酷AI自動標點引擎提供新式標點初稿
JS_1992,RS_2367,X0725,AI標點,古籍酷AI自動標點引擎提供新式標點初稿
JS_1993,RS_2740,X1132,AI標點,古籍酷AI自動標點引擎提供新式標點初稿
JS_1994,RS_2724,X1117,AI標點,古籍酷AI自動標點引擎提供新式標點初稿
JS_1995,RS_2739,X1131,AI標點,古籍酷AI自動標點引擎提供新式標點初稿
JS_1996,RS_3874,X1493,AI標點,古籍酷AI自動標點引擎提供新式標點初稿
JS_1997,RS_3872,X1491,AI標點,古籍酷AI自動標點引擎提供新式標點初稿
JS_1998,RS_3837,JB325,新式標點,李明芳大德提供新式標點
JS_1999,RS_3491,JB326,新式標點,李明芳大德提供新式標點
JS_2000,RS_3766,X1645,AI標點,古籍酷AI自動標點引擎提供新式標點初稿
JS_2001,RS_2236,X0446,AI標點,古籍酷AI自動標點引擎提供新式標點初稿
JS_2002,RS_3020,X1240,AI標點,古籍酷AI自動標點引擎提供新式標點初稿
JS_2003,RS_2737,X1129,AI標點,古籍酷AI自動標點引擎提供新式標點初稿
JS_2004,RS_3764,X1643,AI標點,古籍酷AI自動標點引擎提供新式標點初稿
JS_2005,RS_3765,X1644,原書標點,CBETA掃瞄辨識
JS_2006,RS_1886,X0553,新式標點,Lynn大德提供新式標點
JS_2007,RS_1111,X1079,AI標點,古籍酷AI自動標點引擎提供新式標點初稿
JS_2008,RS_2738,X1130,AI標點,古籍酷AI自動標點引擎提供新式標點初稿
JS_2009,RS_3504a,JB336,新式標點,毛佩君、廖予安、廖予慈大德提供新式標點
JS_2010,RS_3339,JB337,新式標點,陳伯勳大德提供新式標點
JS_2011,RS_3340,JB338,新式標點,CBETA提供新式標點
JS_2012,RS_3514,JB339,新式標點,CBETA提供新式標點
JS_2013,RS_3280a,JB340,新式標點,陳伯勳大德提供新式標點
JS_2014,RS_3354,JB341,新式標點,陳伯勳大德提供新式標點
JS_2015,RS_3289,JB342,新式標點,毛佩君、廖予安、廖予慈大德提供新式標點
JS_2016,RS_3350,JB343,新式標點,CBETA提供新式標點
JS_2017,RS_2399,X0694,AI標點,古籍酷AI自動標點引擎提供新式標點初稿
JS_2018,RS_3355,JB346,新式標點,高萌大德提供新式標點
JS_2019,RS_3322,JB345,新式標點,陳伯勳大德提供新式標點
JS_2020,RS_2470,X0824,AI標點,古籍酷AI自動標點引擎提供新式標點初稿
JS_2021,RS_3930,JB348,新式標點,李明芳大德提供新式標點
JS_2022,RS_2411,X0699,AI標點,古籍酷AI自動標點引擎提供新式標點初稿
JS_2023,RS_3030,X1265,AI標點,古籍酷AI自動標點引擎提供新式標點初稿
JS_2024,RS_3922,JB351,新式標點,李明芳大德提供新式標點
JS_2025,RS_3356,JB352,新式標點,高萌大德提供新式標點
JS_2026,RS_3281,JB353,新式標點,陳伯勳大德提供新式標點
JS_2027,RS_3282,JB354,新式標點,CBETA提供新式標點
JS_2028,RS_3357,JB355,新式標點,黃金愛大德提供新式標點
JS_2029,RS_3406,JB356,新式標點,陳伯勳大德提供新式標點
JS_2030,RS_3429,JB357,新式標點,黃金愛大德提供新式標點
JS_2031,RS_3441,JB358,新式標點,陳伯勳大德提供新式標點
JS_2032,RS_3482,JB359,新式標點,CBETA提供新式標點
JS_2033,RS_3457,X1433,AI標點,古籍酷AI自動標點引擎提供新式標點初稿
JS_2034,RS_3458,X1434,AI標點,古籍酷AI自動標點引擎提供新式標點初稿
JS_2035,RS_3488,JB362,新式標點,毛佩君、廖予安、廖予慈大德提供新式標點
JS_2036,RS_3498,JB363,新式標點,毛佩君、廖予安、廖予慈大德提供新式標點
JS_2037,RS_3313,JB364,新式標點,李明芳大德提供新式標點
JS_2038,RS_3384,JB365,新式標點,毛佩君、廖予安、廖予慈大德提供新式標點
JS_2039,RS_3310,JB366,新式標點,李明芳大德提供新式標點
JS_2040,RS_3283,JB367,新式標點,CBETA提供新式標點
JS_2041,RS_3314,JB368,新式標點,黃金愛大德提供新式標點
JS_2042,RS_3490,JB369,新式標點,CBETA提供新式標點
JS_2043,RS_3343,JB370,新式標點,李明芳大德提供新式標點
JS_2044,RS_3344,JB371,新式標點,CBETA提供新式標點
JS_2045,RS_3412,JB372,新式標點,李明芳大德提供新式標點
JS_2046,RS_3864,X1483,AI標點,古籍酷AI自動標點引擎提供新式標點初稿
JS_2047,RS_3862,X1481,AI標點,古籍酷AI自動標點引擎提供新式標點初稿
JS_2048,RS_1817,X0493,AI標點,古籍酷AI自動標點引擎提供新式標點初稿
JS_2049,RS_2302,X0381,新式標點,李明芳大德提供新式標點
JS_2050,RS_1981,X0647,AI標點,古籍酷AI自動標點引擎提供新式標點初稿
JS_2051,RS_2191,X0378,AI標點,古籍酷AI自動標點引擎提供新式標點初稿
JS_2052,RS_2833,X0969,AI標點,古籍酷AI自動標點引擎提供新式標點初稿
JS_2053,RS_2812,X0979,AI標點,古籍酷AI自動標點引擎提供新式標點初稿
JS_2054,RS_1923,X0591,AI標點,古籍酷AI自動標點引擎提供新式標點初稿
JS_2055,RS_2778,X0924,AI標點,古籍酷AI自動標點引擎提供新式標點初稿
JS_2056,RS_3383,JB383,新式標點,CBETA提供新式標點
JS_2057,RS_3575,JB384,新式標點,黃金愛大德提供新式標點
JS_2058,RS_3731,X1595,AI標點,古籍酷AI自動標點引擎提供新式標點初稿
JS_2059,RS_3307,JB386,新式標點,CBETA提供新式標點
JS_2060,RS_3385,JB387,新式標點,CBETA提供新式標點
JS_2061,RS_3337,JB389,新式標點,CBETA提供新式標點
JS_2062,RS_3373,JB388,新式標點,CBETA提供新式標點
JS_2063,RS_3411,JB390,新式標點,CBETA提供新式標點
JS_2064,RS_3430,JB391,新式標點,李明芳大德提供新式標點
JS_2065,RS_3495,JB392,新式標點,CBETA提供新式標點
JS_2066,RS_3359,JB393,新式標點,陳伯勳大德提供新式標點
JS_2067,RS_3338,JB394,新式標點,CBETA提供新式標點
JS_2068,RS_3407,JB395,新式標點,李明芳大德提供新式標點
JS_2069,RS_3375,JB396,新式標點,陳伯勳大德提供新式標點
JS_2070,RS_2735,X1127,AI標點,古籍酷AI自動標點引擎提供新式標點初稿
JS_2071,RS_3743,X1603,AI標點,古籍酷AI自動標點引擎提供新式標點初稿
JS_2072,RS_3308,JB399,新式標點,毛佩君、廖予安、廖予慈大德提供新式標點
JS_2073,RS_3362,JB400,新式標點,李明芳大德提供新式標點
JS_2074,RS_3413,JB401,新式標點,CBETA提供新式標點
JS_2075,RS_3440,JB402,新式標點,陳伯勳大德提供新式標點
JS_2076,RS_2276,X0291,AI標點,古籍酷AI自動標點引擎提供新式標點初稿
JS_2077,RS_2180,X0334,AI標點,古籍酷AI自動標點引擎提供新式標點初稿
JS_2078,RS_3469,X1443,AI標點,古籍酷AI自動標點引擎提供新式標點初稿
JS_2079,RS_3484,JB406,新式標點,CBETA提供新式標點
JS_2080,RS_3485,JB407,新式標點,毛佩君、廖予安、廖予慈大德提供新式標點
JS_2081,RS_3493,JB408,新式標點,CBETA提供新式標點
JS_2082,RS_3492,JB409,新式標點,CBETA提供新式標點
JS_2083,RS_3365,JB410,新式標點,CBETA提供新式標點
JS_2084,RS_3366,JB411,新式標點,CBETA提供新式標點
JS_2085,RS_3323,JB412,新式標點,CBETA提供新式標點
JS_2086,RS_3328,JB413,新式標點,CBETA提供新式標點
JS_2087,RS_3324,JB414,新式標點,李明芳大德提供新式標點
JS_2088,RS_3325,JB415,新式標點,CBETA提供新式標點
JS_2089,RS_3326,JB416,新式標點,CBETA提供新式標點
JS_2090,RS_3386,JB417,新式標點,CBETA提供新式標點
JS_2091,RS_3387,JB418,新式標點,CBETA提供新式標點
JS_2092,RS_3360,JB419,新式標點,CBETA提供新式標點
JS_2093,RS_3361,JB420,新式標點,黃金愛大德提供新式標點
JS_2094,RS_3408,JB421,新式標點,李明芳大德提供新式標點
JS_2095,RS_3367,JB422,新式標點,CBETA提供新式標點
JS_2096,RS_3297,JB423,新式標點,CBETA提供新式標點
JS_2097,RS_3368,JB424,新式標點,CBETA提供新式標點
JS_2098,RS_3388,JB425,新式標點,CBETA提供新式標點
JS_2099,RS_3737,X1590,AI標點,古籍酷AI自動標點引擎提供新式標點初稿
JS_2100,RS_3345,JB427,新式標點,CBETA提供新式標點
JS_2101,RS_3284,JB428,新式標點,CBETA提供新式標點
JS_2102,RS_3414,JB429,新式標點,CBETA提供新式標點
JS_2103,RS_3346,JB430,新式標點,李明芳大德提供新式標點
JS_2104,RS_3285,JB431,新式標點,CBETA提供新式標點
JS_2105,RS_3416,JB432,新式標點,CBETA提供新式標點
JS_2106,RS_3417,JB433,新式標點,李明芳大德提供新式標點
JS_2107,RS_3434,JB434,新式標點,CBETA提供新式標點
JS_2108,RS_3515,JB435,新式標點,毛佩君、廖予安、廖予慈大德提供新式標點
JS_2109,RS_3370,JB436,新式標點,陳伯勳大德提供新式標點
JS_2110,RS_3728,X1583,AI標點,古籍酷AI自動標點引擎提供新式標點初稿
JS_2111,RS_3154,JB438,新式標點,毛佩君、廖予安、廖予慈大德提供新式標點
JS_2112,RS_3153,JB439,新式標點,李明芳大德提供新式標點
JS_2113,RS_3155,JB440,新式標點,CBETA提供新式標點
JS_2114,RS_3156,JB441,新式標點,CBETA提供新式標點
JS_2115,RS_3156z,JB441,新式標點,CBETA提供新式標點
JS_2116,RS_3162,JB442,新式標點,CBETA提供新式標點
JS_2117,RS_3165,JB443,新式標點,黃金愛大德提供新式標點
JS_2118,RS_3164,JB444,新式標點,毛佩君、廖予安、廖予慈大德提供新式標點
JS_2119,RS_3161,JB445,新式標點,CBETA提供新式標點
JS_2120,RS_3286,JB446,新式標點,CBETA提供新式標點
JS_2121,RS_3351,JB447,新式標點,CBETA提供新式標點
JS_2122,RS_3298,JB448,新式標點,CBETA提供新式標點
JS_2123,RS_3516,JB449,新式標點,CBETA提供新式標點
JS_2124,RS_3287,JB450,新式標點,李明芳大德提供新式標點
JS_2125,RS_3353,JB451,新式標點,李明芳大德提供新式標點
JS_2126,RS_3374,JB452,新式標點,李明芳大德提供新式標點
JS_2127,RS_3483,JB453,新式標點,CBETA提供新式標點
JS_2128,RS_3494,JB454,新式標點,CBETA提供新式標點
JS_2129,RS_3330,JB455,新式標點,高萌大德提供新式標點
JS_2130,RS_3404,JB456,新式標點,CBETA提供新式標點
JS_2131,RS_3371,JB457,新式標點,高萌大德提供新式標點
JS_2132,RS_3517,JB458,新式標點,高萌大德提供新式標點
JS_2133,RS_3428,JB459,新式標點,CBETA提供新式標點
JS_2134,RS_3419,JB460,新式標點,CBETA提供新式標點
JS_2135,RS_3332,JB461,新式標點,CBETA提供新式標點
JS_2136,RS_3369,JB462,新式標點,黃金愛大德提供新式標點
JS_2137,RS_3409,JB463,新式標點,CBETA提供新式標點
JS_2138,RS_3422,JB465,新式標點,CBETA提供新式標點
JS_2139,RS_3439,JB464,新式標點,李明芳大德提供新式標點
JS_2140,RS_3499,JB466,新式標點,CBETA提供新式標點
JS_2141,RS_3423,JB469,新式標點,李明芳大德提供新式標點
JS_2142,RS_3435,JB470,新式標點,高萌大德提供新式標點
JS_2143,RS_3738,X1591,AI標點,古籍酷AI自動標點引擎提供新式標點初稿
JS_2144,RS_3436,JB468,新式標點,CBETA提供新式標點
JS_2145,RS_3352,JB471,新式標點,CBETA提供新式標點
JS_2146,RS_3302,JB472,新式標點,CBETA提供新式標點
JS_2147,RS_3288,JB478,新式標點,CBETA提供新式標點
JS_2148,RS_3425,JB479,新式標點,CBETA提供新式標點
JS_2149,RS_3372,JB474,新式標點,CBETA提供新式標點
JS_2150,RS_3500,JB475,新式標點,陳伯勳大德提供新式標點
JS_2151,RS_3502,JB476,新式標點,黃金愛大德提供新式標點
JS_2152,RS_3063,X1282,AI標點,古籍酷AI自動標點引擎提供新式標點初稿
JS_2153,RS_3157,JB483,新式標點,CBETA提供新式標點
JS_2154,RS_3158,JB483,新式標點,CBETA提供新式標點
JS_2155,RS_3160,JB485,新式標點,CBETA提供新式標點
JS_2156,RS_3163,JB486,新式標點,高萌大德提供新式標點
JS_2157,RS_3168,JB488,新式標點,CBETA提供新式標點
JS_2158,RS_3470,JB490,新式標點,高萌大德提供新式標點
JS_2159,RS_3918,JB480,新式標點,CBETA提供新式標點
JS_2160,RS_3438,JB477,新式標點,CBETA提供新式標點
JS_2161,RS_3555,X1260,AI標點,古籍酷AI自動標點引擎提供新式標點初稿
JS_2162,RS_3303,,,
JS_2163,RS_3497,,,
JS_2164,RS_3519,,,
JS_2165,RS_3394,,,
JS_2166,RS_3486,,,
JS_2167,RS_3264,,,
JS_2168,RS_3055,X1280,AI標點,古籍酷AI自動標點引擎提供新式標點初稿
JS_2169,RS_3397,,,
JS_2170,RS_3255,JB184,新式標點,陳伯勳大德提供新式標點
JS_2171,RS_3327,,,
JS_2172,RS_3398,,,
JS_2173,RS_3427,,,
JS_2174,RS_3501,,,
JS_2175,RS_3399,,,
JS_2176,RS_3400,,,
JS_2177,RS_3726,X1585,AI標點,古籍酷AI自動標點引擎提供新式標點初稿
JS_2178,RS_3727,,,
JS_2179,RS_3794,GA0032,新式標點,法鼓文理學院、中華佛學研究所之「中國佛教寺廟志數位典藏」專案提供
JS_2180,RS_3391,JB232,新式標點,李明芳大德提供新式標點
JS_2181,RS_3390,JB231,新式標點,CBETA提供新式標點
JS_2182,RS_3396,,,
JS_2183,RS_3403,,,
JS_2184,RS_3424,,,
JS_2185,RS_3426,,,
JS_2186,RS_3433,,,
JS_2187,RS_3251z,,,
JS_2188,RS_3722,X1578,AI標點,古籍酷AI自動標點引擎提供新式標點初稿
JS_2189,RS_3401,,,
JS_2190,RS_3402,,,
JS_2191,RS_3341,,,
JS_2192,RS_3471,,,
JS_2193,RS_3392,,,
JS_2194,RS_3431,,,
JS_2195,RS_3733,,,
JS_2196,RS_3520,,,
JS_2197,RS_3141,X1367,AI標點,古籍酷AI自動標點引擎提供新式標點初稿
JS_2198,RS_3736,,,
JS_2199,RS_3432,,,
JS_2200,RS_3333,,,
JS_2201,RS_3318,,,
JS_2202,RS_3295,,,
JS_2203,RS_3229,,,
JS_2204,RS_2471,X0826,AI標點,古籍酷AI自動標點引擎提供新式標點初稿
JS_2205,RS_3256,JB267,新式標點,CBETA提供新式標點
JS_2206,RS_3257,JB268,新式標點,CBETA提供新式標點
JS_2207,RS_3257c,JB268,新式標點,CBETA提供新式標點
JS_2208,RS_3257d,JB268,新式標點,CBETA提供新式標點
JS_2209,RS_3410,JB494,新式標點,CBETA提供新式標點
JS_2210,RS_3518,JB497,新式標點,CBETA提供新式標點
JS_2211,RS_3224,JB492,新式標點,高萌大德提供新式標點
JS_2212,RS_2984,JB495,新式標點,李明芳大德提供新式標點
JS_2213,RS_3573,JB181,新式標點,黃金愛大德提供新式標點
JS_2214,RS_3459,X1435,AI標點,古籍酷AI自動標點引擎提供新式標點初稿
JS_2215,RS_2752,JB260,新式標點,李明芳大德提供新式標點
JS_2216,RS_3466,JB312,新式標點,CBETA提供新式標點
JS_2217,RS_3444,JB493,新式標點,高萌大德提供新式標點
JS_2218,RS_3463,,,
JS_2219,RS_2057,,,
JS_2220,RS_2223,,,
JS_2221,RS_2172,X0326,AI標點,古籍酷AI自動標點引擎提供新式標點初稿
JS_2222,RS_3548,X1296,AI標點,古籍酷AI自動標點引擎提供新式標點初稿
JS_2223,RS_3273,,,
JS_2224,RS_2779,T1915,新式標點,中華佛教百科文獻基金會提供新式標點
JS_2225,RS_2581,X0880,AI標點,古籍酷AI自動標點引擎提供新式標點初稿
JS_2226,RS_3268,,,
JS_2227,RS_3395,,,
JS_2228,RS_3004,T2013,原書標點,北美某大德提供
JS_2229,RS_3771,,,
JS_2230,RS_3420,JB473,新式標點,毛佩君、廖予安、廖予慈大德提供新式標點
JS_2231,RS_3167,JB487,新式標點,CBETA提供新式標點
JS_2232,RS_3159,JB484,新式標點,高萌大德提供新式標點
JS_2233,RS_3933,JB481,新式標點,CBETA提供新式標點
JS_2234,RS_3437,,,
JS_2235,RS_3521,,,
JS_2236,RS_3393,,,
JS_2237,RS_3443,,,
JS_2238,RS_2220,,,
JS_2239,RS_2727,X1120,AI標點,古籍酷AI自動標點引擎提供新式標點初稿
JS_2240,RS_3926,JB277,新式標點,李明芳大德提供新式標點
JS_2241,RS_0614b,T0446b,新式標點,釋常諦法師提供新式標點
JS_2242,RS_0614e,T0447b,新式標點,釋常諦法師提供新式標點
JS_2243,RS_0614g,T0448b,新式標點,釋常諦法師提供新式標點
JS_2244,RS_2293,X0367,AI標點,古籍酷AI自動標點引擎提供新式標點初稿
JS_2245,RS_2641,T1884,原書標點,北美某大德提供
JS_2246,RS_4880,,,
JS_2247,RS_4881,,,
JS_2248,RS_4882,,,
JS_2249,RS_1360,JB047,新式標點,毛佩君、廖予安、廖予慈大德提供新式標點
JS_2250,RS_3871,X1490,AI標點,古籍酷AI自動標點引擎提供新式標點初稿
JS_2251,RS_2942,X1176,AI標點,古籍酷AI自動標點引擎提供新式標點初稿
JS_2252,RS_3556,X1297,AI標點,古籍酷AI自動標點引擎提供新式標點初稿
JS_2253,RS_3559,X1278,AI標點,古籍酷AI自動標點引擎提供新式標點初稿
JS_2254,RS_4883,,,
JS_2255,RS_3556,X1297,AI標點,古籍酷AI自動標點引擎提供新式標點初稿
JS_2256,RS_3041,JB129,新式標點,陳伯勳大德提供新式標點
JS_2257,RS_3447,,,
JS_2258,RS_4884,,,
JS_2259,RS_4885,,,
JS_2260,RS_4886,,,
JS_2261,RS_4887,,,
JS_2262,RS_4888,,,
JS_2263,RS_4889,,,
JS_2264,RS_4890,,,
JS_2265,RS_4891,,,
JS_2266,RS_4892,,,
JS_2267,RS_4893,,,
JS_2268,RS_4894,,,
JS_2269,RS_4895,,,
JS_2270,RS_4896,,,
JS_2271,RS_4897,,,
JS_2272,RS_4898,,,
JS_2273,RS_4899,,,
JS_2274,RS_4900,,,
JS_2275,RS_4901,,,
JS_2276,RS_4902,,,
JS_2277,RS_4903,,,
JS_2278,RS_4904,,,
JS_2279,RS_4905,,,
JS_2280,RS_3411,JB390,新式標點,CBETA提供新式標點
JS_2281,RS_4906,,,
JS_2282,RS_4907,,,
JS_2283,RS_4908,,,
JS_2284,RS_3345,JB427,新式標點,CBETA提供新式標點
JS_2285,RS_3298,JB448,新式標點,CBETA提供新式標點
JS_2286,RS_4909,,,
JS_2287,RS_4910,,,
JS_2288,RS_4911,,,
JS_2289,RS_4912,,,
JS_2290,RS_4913,,,
JS_2291,RS_4914,,,
JS_2292,RS_4915,,,
JS_2293,RS_4916,,,
JS_2294,RS_4917,,,
JS_2295,RS_4918,,,
JS_2296,RS_4919,,,
JS_2297,RS_4920,,,
JS_2298,RS_4921,,,
JS_2299,RS_4922,,,
JS_2300,RS_4923,,,
JS_2301,RS_4924,,,
JS_2302,RS_3398,,,
JS_2303,RS_4925,,,
JS_2304,RS_3358,JB355,新式標點,黃金愛大德提供新式標點
JS_2305,RS_3290,JB342,新式標點,毛佩君、廖予安、廖予慈大德提供新式標點
JS_2306,RS_3280b,JB340,新式標點,陳伯勳大德提供新式標點
JS_2307,RS_3238,JA158,新式標點,毛佩君、廖予安、廖予慈大德提供新式標點
JS_2308,RS_3315,JB203,新式標點,毛佩君、廖予安、廖予慈大德提供新式標點
JS_2309,RS_3305,JB187,新式標點,毛佩君、廖予安、廖予慈大德提供新式標點
JS_2310,RS_4926,,,
JS_2311,RS_4927,,,
JS_2312,RS_4928,,,
JS_2313,RS_4929,,,
JS_2314,RS_4930,,,
JS_2315,RS_4931,,,
JS_2316,RS_4932,,,
JS_2317,RS_4933,,,
JS_2318,RS_4934,,,
JS_2319,RS_4935,,,
JS_2320,RS_4936,,,
JS_2321,RS_4937,,,
JS_2322,RS_4938,,,
JS_2323,RS_4939,,,
JS_2324,RS_3147,JB241,新式標點,CBETA提供新式標點
JS_2325,RS_3145,JB239,新式標點,CBETA提供新式標點
JS_2326,RS_3741,X1601,AI標點,古籍酷AI自動標點引擎提供新式標點初稿
JS_2327,RS_3080,X1335,AI標點,古籍酷AI自動標點引擎提供新式標點初稿
JS_2328,RS_4940,,,
JS_2329,RS_4941,GA0032,新式標點,法鼓文理學院、中華佛學研究所之「中國佛教寺廟志數位典藏」專案提供
JS_2330,RS_3995,P1610,原書標點,CBETA人工輸入（版本二）
JS_2331,RS_4942,,,
JS_2332,RS_4943,,,
