vol_page,page_names,page_name,end_page_name,reel_code,src,should_delete,remark,word_txt
第27册／第537页,JS_27_1073#JS_27_1074,JS_27_1074,,JS_202_3,国图径山藏,,,康熙辛酉重刊。
第2册／第585页,JS_2_1169#JS_2_1170,JS_29_1170,,JS_352_1,国图径山藏,,,康熙辛酉重□。
第2册／第586页,JS_2_1171#JS_2_1172,JS_29_1171,,JS_352_1,国图径山藏,,,康熙辛酉重□。
第49册／第518页,JS_49_1035#JS_49_1036,JS_49_1036,JS_49_1037,JS_1092_7,国图径山藏,,,当湖冯洪业募资续镌法藏方册。愿周法界，缁白四众，咸满如来四弘誓海，妙严戒德，究竟圆觉；愿多生父母，咸
第49册／第519页,JS_49_1037#JS_49_1038,JS_49_1037,,JS_1092_7,国图径山藏,1,应与上一条合并,被资薰，证入法流，诞登觉岸，俾业乘愿，入死出生，不迷本性，具足正知；又愿藏教遐讫，声光绵缈，见闻成种，依正互融，民风还淳，永无灾难。
第59册／第320页,JS_59_639#JS_59_640,JS_59_640,,JS_1169_25,国图径山藏,,,康熙辛酉重刊。
第69册／第278页,JS_69_555#JS_69_556,JS_69_556,,JS_1261_120,国图径山藏,,,戊午恒瑞重刊。
第69册／第279页,JS_69_557#JS_69_558,JS_69_557,,JS_1261_120,国图径山藏,,,戊午恒瑞重刊。
第98册／第297页,JS_98_593#JS_98_594,JS_98_594,JS_98_596,JS_1535_32,国图径山藏,,,施资姓氏：
第98册／第298页,JS_98_595#JS_98_596,JS_98_595#JS_98_596,,JS_1535_32,国图径山藏,1,应与上一条合并,比丘明得、方义各一两，宗礼四钱，真观三钱，戒基、圆亮、善果、文晓、明锦、寂澄、明浩、真见、如心、真祚、永堂、真鉴、海蜃、广远、如莲、明吉、如遐、真闻、本清、真性、戒淳、智通、如恺、明净、如实、真慈、明伦、真见、真净、性龙、如灯、方昆、如昶、宝岩、明慎、如慧各二钱，方堂、正承、长明、惠旵、寂经、慧清、天台僧各一钱；宰官陆光祖一两，包柽芳十两；善男子张守约四钱，周祯、周之琦、周祖、周祝、周祇、董世维、张遗安、陈如澄、胡文宗、吕应律、潘海会、汤如惠、张得济、王真志、徐季明、凌明心、徐守仁、徐守义、徐守礼、徐守智、王在德、冯真麒、冯真麟、董大本、孟昌、邹武、金俊各二钱，方象坤、张明秀、孙宗宥、闵名山、姚如名、沈圆刚、曹鋌、顾汀、宋浦、王在邦、沈可贤、王銮各一钱；僧俗法名时久失辨，另列于此：明惠、如觉、能智、圆秀、证讹、真常、圆仁、真乘、皎然、海聚、守坚、明常、守成、普清、性德、寂潮、惟昇、寂德、海霞、性定、海贤各二钱，恒心、惟乾、方岘各一钱，沈义；比丘尼如住一两；善女人孙氏一两，吕氏二钱五分，真观、惟龙、妙戒、海音、明岩、戒淳、妙常、性龙、妙通、顾氏、屈氏、顾氏、王氏、顾氏、方氏、周氏、张氏、严氏、任氏、沈氏、邵氏、孙氏、汤氏、施氏、冯氏、潘氏、张氏各二钱，计如晓、陆氏、周氏、沈氏、吴氏、沈氏、韦氏、董海会、归氏、官姐各一钱，如憩八分，明勤四分。已上施银共肆拾两有奇，适善女人真洁，愿圆成胜果，遂得梓行不复他募。伏愿大众三世业空，一乘果熟，人人不违本愿，处处普遍法云。比丘明觉募施并识。
第111册／第236页,JS_111_471#JS_111_472,JS_111_471#JS_111_472,,JS_1620_3,国图径山藏,,,信士周文英为先祖周亨、祖母张氏刻。
第111册／第372页,JS_111_743#JS_111_744,JS_111_743,,JS_1620_13,国图径山藏,,,信士吳承周刻。
第111册／第372页,JS_111_743#JS_111_744,JS_111_744,,JS_1620_13,国图径山藏,,,信士□□室□氏□□□刻。
第111册／第373页,JS_111_745#JS_111_746,JS_111_745#JS_111_746,,JS_1620_13,国图径山藏,,,信士□□室□氏□□□刻。
第112册／第341页,JS_112_681#JS_112_682,JS_112_681,,JS_1622_2,據《明藏跋》補,,保留第二卷刊记,吏部尚书平湖陆光祖施资刻此《大明三藏法数》第二卷。嘉禾沙弥道梅对，长洲徐普书，进贤洪以仁刻。万曆癸巳仲冬径山兴圣万寿禅寺识。
第112册／第355页,JS_112_709#JS_112_710,JS_112_709,,JS_1622_3,據《明藏跋》補,,保留第三卷刊记,贵州提学副使嘉兴抱〔包〕柽芳施资刻此《大明三藏法数》第三卷。嘉禾沙弥道梅对，长洲徐普书，进贤洪以仁刻。万曆癸巳仲冬径山兴圣万寿禅寺识。
第112册／第370页,JS_112_739#JS_112_740,JS_112_739,,JS_1622_4,據《明藏跋》補,,保留第四卷刊记,贵州提学副使嘉兴包柽芳施资刻此《大明三藏法数》第四卷。嘉禾沙弥道梅对，长洲徐普书，南京锦衣卫人陈继先刻。万曆癸巳仲冬径山兴圣万寿禅寺识。
第112册／第384页,JS_112_767#JS_112_768,JS_112_767,,JS_1622_5,據《明藏跋》補,,保留第五卷刊记,贵州提学副使嘉兴包柽芳施资刻此《大明三藏法数》第五卷。嘉禾沙弥道梅对，长洲徐普书，庐陵晏宗还刻。万曆癸巳仲冬径山兴圣万寿禅寺识。
第112册／第399页,JS_112_797#JS_112_798,JS_112_797,,JS_1622_6,據《明藏跋》補,,保留第六卷刊记,贵州提学副使嘉兴包柽芳施资刻此《大明三藏法数》第六卷。嘉禾沙弥道梅对，长洲徐普书，建阳邹友刻。万曆癸巳孟冬兴圣万寿禅寺识。
第112册／第414页,JS_112_827#JS_112_828,JS_112_827,,JS_1622_7,據《明藏跋》補,,保留第七卷刊记,嘉兴居士包世熙施资刻此《大明三藏法数》第七卷。嘉禾沙弥道梅对，长洲徐普书，建阳邹友刻。万曆癸巳孟冬径山兴圣万寿禅寺识。
第112册／第457页,JS_112_913#JS_112_914,JS_112_914,,JS_1622_10,據《明藏跋》補,,保留第十卷刊记,嘉兴优婆塞张明广同男张科募化，比丘满贤，信士朱文、张广瓒、俞成明、黄普信、沈臻、钱明芳、张俊夫、平鹤、张瑞、李宠、范应元、郁仁、沈昭、谢鲲、潘德本、陆智恒、金盘、寿明宗、施智鉴、项宗、吴氏、戚门李氏共施资刻此《大明三藏法数》第十卷。槜李沙弥释道梅对，长洲徐普书，吴县仇鹏刻。万曆癸巳仲冬径山兴圣万寿禅寺识。
第112册／第472页,JS_112_943#JS_112_944,JS_112_943,,JS_1622_11,據《明藏跋》補,,保留第十一卷刊记,嘉兴优婆塞张明广同男张科募化，冯秀、范氏、广利、广程、李氏、智洪、圆清、王真觉、吴德纯、徐真义共施资刻此《大明三藏法数》第十一卷。槜李沙门释道梅对，长洲徐普书，进贤洪以仁刻。万曆癸巳仲冬径山兴圣万寿禅寺识。
第112册／第526页,JS_112_1051#JS_112_1052,JS_112_1051,,JS_1622_15,據《明藏跋》補,,保留第十五卷刊记,嘉兴居士包世熙施资刻此《大明三藏法数》第十五卷。嘉禾沙弥道梅对，长洲徐普书，溧水杨应元刻。万曆癸巳仲冬径山兴圣万寿禅寺识。
第112册／第539页,JS_112_1077#JS_112_1078,JS_112_1078,,JS_1622_16,據《明藏跋》補,,保留第十六卷刊记,嘉兴居士包世杰施资刻此《大明三藏法数》第十六卷。嘉禾沙弥道梅对，长洲徐普书，吴县金世科刻。万曆癸巳仲冬径山兴圣万寿禅寺识。
第112册／第607页,JS_112_1213#JS_112_1214,JS_112_1213,,JS_1622_21,據《明藏跋》補,,保留第二十一卷刊记,丹阳居士贺学礼、贺学易施资刻此《大明三藏法数》第二十一卷，荐父江西按察司廉使贺邦泰，愿神游净国，永出爱河。嘉禾沙弥道梅对，长洲徐普书，溧水端学尧刻。
第112册／第620页,JS_112_1239#JS_112_1240,JS_112_1240,,JS_1622_22,據《明藏跋》補,,保留第二十二卷刊记,万曆癸巳仲冬径山兴圣万寿禅寺识。丹阳居士贺学古、贺学仁施资刻此《大明三藏法数》第二十二卷，荐父江西按察司廉使贺邦泰，愿神游净国，永出爱河。嘉禾沙弥道梅对，长洲徐普书，溧水毛诗荣刻。万曆癸巳仲冬径山兴圣万寿禅寺识。
第113册／第196页,JS_113_391#JS_113_392,JS_113_392,,JS_1622_37,據《明藏跋》補,,保留第三十七卷刊记,金坛居士于玉德施资刻此《大明三藏法数》第三十七卷。恩江沙弥可震对，长洲徐普书，进贤翁正福刻。万曆甲午仲冬径山兴圣万寿禅寺识。
第113册／第209页,JS_113_417#JS_113_418,JS_113_418,,JS_1622_38,據《明藏跋》補,,保留第三十八卷刊记,金坛居士于王鸣施资刻此《大明三藏法数》卷第三十八。恩水沙弥可震对，瓯宁县唐士登书，嘉兴县朱万善刻。万曆甲午季夏径山兴圣万寿禅寺识。
第113册／第300页,JS_113_599#JS_113_600,JS_113_600,,JS_1622_45,據《明藏跋》補,,保留第四十五卷刊记,金坛居士王秉铨施资刻此《大明三藏法数》第四十五卷。恩江释可震对，真州王国英书，溧水杨应元刻。万曆乙未季夏径山兴圣万寿禅寺识。
第113册／第312页,JS_113_623#JS_113_624,JS_113_623,,JS_1622_46,據《明藏跋》補,,保留第四十六卷刊记,歙县居士吴惟明施资刻此《大明三藏法数》第四十六卷。恩江沙弥可震对，长洲徐普书，进贤洪以仁刻。万曆甲午仲秋径山兴圣万寿禅寺识。
第113册／第352页,JS_113_703#JS_113_704,JS_113_703,,JS_1622_49,據《明藏跋》補,,保留第四十九卷刊记,吴江居士周祈施资刻此《大明三藏法数》第四十九卷。恩江沙弥可震对，长洲徐普书，建阳邹大成刻。万历甲午仲秋径山兴圣万寿禅寺识。
第113册／第365页,JS_113_729#JS_113_730,JS_113_729,,JS_1622_50,據《明藏跋》補,,保留第五十卷刊记,吴江居士周祈施资刻此《大明三藏法数》第五十卷。恩江沙弥可震对，长洲徐普书，进贤洪以仁刻。万曆甲午仲秋径山兴圣万寿禅寺识。
第119册／第113页,JS_119_225#JS_119_226,JS_119_226,,JS_1644_19,国图径山藏,,,康熙九年重刊。
第119册／第114页,JS_119_227#JS_119_228,JS_119_227,,JS_1644_19,国图径山藏,,,康熙九年重刊。
第125册／第197页,JS_125_393#JS_125_394,JS_125_394,JS_125_395,JS_1668_7,国图径山藏,,,信士戴世祯舍资七两四钱五分七厘刻此
第125册／第198页,JS_125_395#JS_125_396,JS_125_395,,JS_1668_7,国图径山藏,1,应与上一条合并,《华严玄谈》第六卷上。伏愿皈正法幢，断疑见网，读诵《法华》之种习，知摄末以归本，乐助《华严》之胜因，获达本以逢源，法界有情，同入性海，亲冤平等，均沾利乐。
第125册／第593页,JS_125_1185#JS_125_1186,JS_125_1186,JS_125_1187,JS_1668_16,国图径山藏,,,佛弟子姚性莲、唐性澄同舍资并领袖银七两
第125册／第594页,JS_125_1187#JS_125_1188,JS_125_1187,,JS_1668_16,国图径山藏,1,应与上一条合并,三钱四分三厘刻此一卷。领缘弟子唐诗法名性澄，助缘比丘性宏，信官鉏庆登同室人唐氏，信士陈国瑞、姚士昙同女海慧、江上帆，信女尤氏、任氏、吴氏、又吴氏、徐氏，信童锺维枞，共五两二钱。俱唐诗自助并募，余不能募足，听主缘者另补。信士屠观二钱，屠兑四钱，屠福征二钱，屠弘胤二钱，叶盈崶一两，信童张元鼎一钱，以上自行募足。伏愿檀越二十人，同证普贤之正定，咸增福智之洪源，随其所愿，悉令如意。
第126册／第455页,JS_126_909#JS_126_910,JS_126_910,JS_126_911,JS_1668_26,国图径山藏,,,仁和信士张鸿举舍资五两一钱七分五厘
第126册／第456页,JS_126_911#JS_126_912,JS_126_911,,JS_1668_26,国图径山藏,1,应与上一条合并,刻此一卷，伏愿先光禄景星公，速证菩提，家孺人周氏，暨举家眷属，时增如意之福。
第126册／第632页,JS_126_1263#JS_126_1264,JS_126_1264,JS_126_1265,JS_1668_30,国图径山藏,,,信官曹谷同室吴氏捐资拾壹两刻此《十无尽蔵品》，伏愿
第126册／第633页,JS_126_1265#JS_126_1266,JS_126_1265,,JS_1668_30,国图径山藏,1,应与上一条合并,先父曹大田、先母王氏，早闻妙法，超生莲界。
第128册／第312页,JS_128_623#JS_128_624,JS_128_624,JS_128_625,JS_1668_51,国图径山藏,,,仁和信士张又良捐资叁两捌钱贰分刻此
第128册／第313页,JS_128_625#JS_128_626,JS_128_625,,JS_1668_51,国图径山藏,1,应与上一条合并,一卷，伏愿祖考张大政，祖妣俞氏、徐氏，先考张绎思，先妣卓氏，继母吴氏，入法界而处处受生，悟菩提而尘尘解脱，现存获福，绵亘无疆。
第129册／第31页,JS_129_61#JS_129_62,JS_129_62,JS_129_63,JS_1668_65,国图径山藏,,,信士常叙钦领袖此卷，舍银一两，祈先祖及先父母早证法界。
第129册／第32页,JS_129_63#JS_129_64,JS_129_63,,JS_1668_65,国图径山藏,1,应与上一条合并,常丕钦五钱，常门杨氏一钱，常门施氏一钱，常门穆氏一钱，常可爱一钱，常可欣二钱，沈湛卢一两二钱，张敏求五钱，杨梦璋六钱，徐杨三钱，钱寿国二钱，潘侯藩二钱四分六厘，王门符氏三钱，又常门施氏一钱。
第129册／第587页,JS_129_1173#JS_129_1174,JS_129_1174,,JS_1668_90,国图径山藏,,,助刻《华严疏钞》音释檀越开后∶王烁然募五钱，金汝□三钱，吴应潮、姚氏四钱，洪梦锡募四钱，□慧四钱，照彻三钱，佛普七分，明皓、道□、如澄、如桂、钱中选、胡大信、蔡应科、邹孟源、屠卿、王大恒、陈民功、郁门常、郑德新、夏尚质、范天庆、姜氏、护生、石汝琦、石腾霄、周廷凤、通晓、王宾吾、慧饶、海讷、海湛、海兆、智涌、李春荣、能信、大清、仁化、寔印、智足、元闻、净因、智证、永阒、智水、大勇、王元正、颜氏各一钱，郁逢庆、葛昌言、姚以敬各一钱六分，包文燧、钱大敏、范氏、戚氏、张大渊、石声芳、石声扬各五分，陈氏、阿闰各三分，张羽公九分，陈文魁一分，性慈五分。助刻《华严疏钞》第八十卷普集姓名附后：比丘西域罗汉二众二百文，此土明乘、明圣、净生、德全、圆精、德良二愿，智周、通旻、明硕、隐元、时显、心灯五愿，广学、续祯、胜祖、海国、海滨、寂慧、明宁、海慧、智慧、定庵、大珍、如息、性经、真镫、性白、智岑、圆音、清梵、受珹、受澄、受智、海印、寂用、圆慧、妙性、寂声、行祥、通明、空集、海觉、达观、智灯、衍庆、法生、道如、吴天锡、智觉、寂禅、宏祖、实仙、真达、海慧、心靖、普滨、真月、海福、昙恒、如德、圆珍、通秀二愿，恒音二愿，光范、光祚、性涵、盛时、如昱、则韶、尚贤、通易、净滨、道寰、圆钧、明韬、储四、嘉僖、朱五、慈名、法占、信乘、志淳、律垣、性善、德行、广慈、道严、慈瑜、永庆、智机、梵珠、大车、祖芳、慧海、正修、惟晋、德孚、通讲、通藏、池寿明、黄惟清、永誉、德纯、方璞、广戒、张国圣、如月、悟渠、性解、性觉。比丘尼妙静、圆洁、圆证、明宗、明显、显宗、曾寿、德义、妙正、德定、成寂、成圆、海澄、道昇、道洁。
第129册／第588页,JS_129_1175#JS_129_1176,JS_129_1175,JS_129_1179,JS_1668_90,国图径山藏,,,羽客张三省、徐模、沈渔、张鹏、徐圣留、沈世澄、张鹗、朱烨、朱茂暲、陈泓、蒋德言、濮嘉庆、李蓁、蒋应皋、顾体文、杨万林、俞正阶、杨守中、顾諟明、俞逸。善男信女薛明惠、冯继祯、于云程、王之义、方世良、陆应鵾、凌志仁、海福、许云庆、海寿、吕良、徐明悌、张守诚、沈承宗、怀壬郎、范承宗、陈世新、吴承宪、张国相、王思仁、张庆元、殷明受、黄氏、李恩、海祥、殷彦卿、邓氏、江氏、沈氏、朱氏、金氏、王珮四愿，王氏、智名、张尚贤、海德、祖名、祖连、祖正、祖善、广玄、道得、张氏、周氏、沈氏、吴氏、吴复贤、宝姐、二姐、徐弘达、吴复昌、项氏、沈有量、蔡大宾、沈元章、何大立、陶振先、严尔瞻、杨德先、杨渐于、王肇基、蔡镛、宋氏、于子钰、于门徐氏、于姚、福娜、于引之、陆氏、于氏、于子、京孙、獒孙、计门钱氏、顾氏、姚氏、观圣、顾门沈氏、计氏、潘氏、犬郎、杨门叚氏、隍寿、继孙、王有泰二愿，王希孙、高士重二愿，高元熙、王大观、王大元、沈迈生、沈中芳、沈桂官、沈士声、陈氏、万氏、顾氏、丑郎、方良寅、沈承宗、马氏、张长辛、陆震、朱氏、李应魁、万司习、源梅五愿，继寿、韩良宰、陆自达、龚应明、郭氏、徐承祖、长姐、王氏、十二官、姚氏、芙姐、王惺、纯郎、亨亨、圣孙、吕氏、姜昇、颜氏、颜氏、张氏、黄氏、颜师舜二愿，颜开、颜朗、颜照、项大官、项亥官二愿，卢门李氏、沈福观、沈氏、冯氏、锺氏、罗氏、美姐、顾存孝、陆宪宗、富应元、许应宗、许文宪、陆氏、陈氏、朱氏、净修、许明遇、成广易、国华、国章、成纯、成纪、何氏、周氏、成淑德、鲍氏、杨氏、陈氏、杨氏、杨瑞芳、孙兰、周氏、卜氏、八娜、贺默、贺言、贺君圣、周氏、沈氏、万氏二愿，王氏、姚氏、江氏、张氏、范氏、徐氏、成信、成允升、谢氏、龚氏、陆寿娜、顾氏、张世华、俞氏、施承德、王氏、施一元、李承芳、李隍龙、施氏、刘卿、倪大素、王家相、江氏、吴其、朱氏、陆圣祖、王氏、张氏、吴寿福、沈应登、沈戌郎、林光祖、高氏、戴明时、狄叔九、高俊、詹仲明、朱邦信、陆应元、范广缘、陈氏、陆鸿逵、徐氏、陆天逵、陆四娜、五娜、七娜、金氏、沈懋德、沈南池、张君禄、沈氏、广兼、张成忠、王氏、吴承德、曹氏、吴刘胤、周氏、吴圣生、吴福姐、吴承恩、储氏、吴士杰、王氏、吴士仪、孟氏、俞氏、酉娜、巧娜、沈氏、邹氏、朱氏二愿，沈氏、曹氏、卜胤昌、卜、卜琮、卜珽、沈自新、卜瓒、朱朝煌、沈庚、张弘勋、卜元会、□玮、施广寄、俞广贤、李氏、金氏、陈氏、钱广澄、张华、高万俸、袁宰、钱弘赈、陈思礼、俞氏、吴亥郎、吴普达、姜兆熊、钱百朋、成信、徐顺、曹震、王用宾、曹文华、叶科、叶取郎、钱永豊、蒋仁、徐国祯、张大顺、王应麒、王氏、周氏、王俊儒、王氏、孩儿、李昱、郑中渐、吴应乾、蔡国祥、顾日新、沈酉锡、岳世勋、濮成源、王九鼎、张纯忠、金西有、顾又新、顾震、李氏、锺心泉、朱广叙、梅小桥、梅濬溪、朱□色、朱长庚、朱显宗、酉有、梅广卿、真普法、梅全愚、姚氏五愿，姚濂、姚八郎、沈氏、吴巳郎、吴氏、都起、陆子贤、周氏、俞桔、周氏、李氏、徐氏、张氏、萧应龙、张成、赵圣宗、祖娜、沈应龙、顾氏、吴尚义、王氏、沈明琏、朱氏、鲍氏、袁氏、沈茂林、杨氏、徐尚锦、沈氏、朱万叶、盛氏、朱氏、壬姐、梦官、朱佛子、王氏、胡氏、徐氏、尹闻荪、吴如海、吴如汉、陈应元、吴之震、吴道洽、严关通、关泰、严海留、严维垣、吕士晋、吕士弘、吕士任、韩模、韩朴、程氏、韩氏、姜氏、张勉、陈氏、韩广、韩应元、宋氏、韩应潮、吴氏、杨寿姐、杨氏、陶氏、季氏、韩元姐、吕乐宣、吴永祯、张懋典、倪天祥、沈嘉谋、范承芳、沈师彬、娄光泰、陈宗玄、施汝震、严自张、吴士懋、吴士隆、张氏、沈以韶、陆氏、金四达、盛时成、陆观女、钱氏、陆
第129册／第589页,JS_129_1177#JS_129_1178,JS_129_1177#JS_129_1178,,JS_1668_90,国图径山藏,1,,王□、钱氏、陈六、张汀、沈观福、吴德成、圣爱、成彩、成贤、邹氏、范氏、智瑞、金氏、杨氏、童氏、冯试、史林、龚承、吴氏、齐氏、张进、顾宇、徐应高、朱文、柴华、周尚贤五愿，丘添二愿，冯寿孙二愿，张秀、叶元、叶祥胤、叶氏、杨氏、李氏、闵氏、金氏、李氏、刘氏、郭如城、倪桂姐、计氏、王应仁、王子郎、郭大忠、陈忠义、陈官龙、仲可贤、观定、姜氏、闰姐、杨万年、杨氏、曹和廷、张冲宇、钱尚宾、沈养心、吴玉衡、曹玄枢、姚光虞、陈予嘉、潘云程、朱怀荆、诸氏、沈湛庵、陈侍泉、程延甫、王有德、李芳、杨氏、孙应诏、钱氏、孙逢吉、王氏、孙桂元、二狗、孙鹏、钱氏、俞氏、孙氏、金邦珍、夏氏、金兑、王氏、金辂、金豊、金翰郎、朝娜、孙氏、文氏、彭门顾氏、蔡门彭氏、酉娜、未郎、元郎、三郎、小娜、吴氏、周氏、冬寿、倪亮、沈氏、国彦、科娜、王氏、殷承德、钱氏、高氏、殷继芳、寿郎、福郎、继贤、陈氏、倪国贤、顾应第、顾酉元、七郎、金郎、引姐、观姐、杨氏、王氏、高氏、李寿娜、沈朝宰、张氏、沈承祖、龙姐、留娜、徐门姚氏、姚应第、张志学、徐氏、张文选、许观佑、高属姐、屠应祥、计 、智忍、吕氏、李继元、沈氏、李应春、周济、孙大行、徐世英、高氏、李大著、倪氏、智圆、智正、智顺、赵文元、窦文通、张应明、高氏、沈氏、姚梦祖、姚定姐、徐环宇募三愿，阿隍、官姐、高玄竣、王氏、张氏、锺萃禄、孟氏、沈氏、陈氏、周氏、崔可仁、胡广疆、陈应选、徐门陶氏、王门许氏、王大济、性乘、刘允元、曹日新、堵氏、王普元、如玉二愿，徐思诚，以上每愿各助钱十一文，张颍募胡门沈氏十文，张富二十文，沈湛卢募王氏五十文，严氏五十文，朱氏二十文，钱门范氏、鉏氏、窦绍芳、萧长寿、黄光美、郭氏、沈氏、倪氏，以上八名各十六文，老盲乞沈忠五十文，颠乞一文，以上同生众竟。小猫、小犬、鸭、鸡、金鱼、虎犬、螃蟹约计钱二千文，以上异生众竟。经尾空陿姓名繁广，前刻不尽者附后：郑忠材一钱，沈广冠、张广锡、海致、陈香醉、刘明胜、蒋明哲、刘明椿、徐兰锡、刘明进、刘明观、刘明缄、刘大詝、刘大訷、刘大音、张广磌、朱明岳、刘祖鉊、彭孙振、朱维封、未懋增、蔡联璧、金广梁、锺允文、郑良余各一钱，王天胤、智超、智越、王明义、陈净标、陈净榜各五分，以上项广玹募助第二十卷。史普仁二钱，范忠一钱，海宁九分，陈科、冯大量、胡纯忠、俞应征、杨元发、张承祖、陈氏各五分，沈门顾氏四分，黄氏、一姐、再姐各三分，陈氏、陆氏各一分，以上广充募助二十三卷之二。姚庑、王麒郎、陈赤共六钱，以上陈鋐募助七十六卷。海鉴一百文，广亮八分，海定一百文，海印四分，海鎣四十四文，大闻二十二文，闻解、大净四十四文，智荣十文，海洲三十文，明忍十文，成妙十二文，成亮十二文，海潮、海明三十文，海慧二十文，智越、明企各四十文，大安二十五文，陈大卿五十文，继贤、管应道、王永勤四十四文，顾明戒四十二文，沈海亮四十二文，倪应文、许氏、彭大寿、彭承祖、王道懋、陆德寿五文，袁仕富、李传芳二十文，丘子云二十文，陆永海、陆氏、陶守耕、朱君盛、朱酉姐、袁岐峰、汪典当、陶一官五分，吴氏二十文，董氏、官舍各五文，以上沈明修募助七十五卷。已刻中缝恐难查者附后：戴海映四钱，广淞三钱，寂洪三钱，海庆三钱，净圭一钱。领募不能完愿自行分单募补者附后：
第129册／第590页,JS_129_1179#JS_129_1180,JS_129_1179,,JS_1668_90,国图径山藏,1,应与上三条合并,蔡之桢募蔡士英、徐可选、顾国垣、蔡应□、陈应元各一钱，郑忠材自舍五钱，王以绳募戈右韩五钱，王维新为□心田寿五钱，为莫□齐寿三钱，王门吕海德□□□王寂昌二钱，张云鹤自舍五钱，沙门□□□智闲各五钱。第十五卷□□□钱赖上来檀波圆满，愿其获福无□。董廷谏一两五钱。
第135册／第671页,JS_135_1341#JS_135_1342,JS_135_1342,JS_135_1343,JS_1671_43,国图径山藏,,,钦褒忠义忠荩四川左布政云南丽阳佛弟子木增，同丽江府知府授参政男木懿，应袭孙木靕，暨诸子孙，太学生木乔、木参，生员木宿、木、木橒、木、木极、悟乐等，各捐净捧〔俸〕延僧命役，敬奉《大方广佛华严经三昧忏仪》一部，共四十二卷，六十一册。直达南直隶苏州府尝熟县隐湖南村笃素居士毛凤苞汲古阁中鸠良工雕造，起于崇祯庚辰孟夏，终于辛巳暮春，凡一载功成。今置此版于
第135册／第672页,JS_135_1343#JS_135_1344,JS_135_1343,,JS_1671_43,国图径山藏,1,应与上一条合并,浙江嘉兴府楞严寺藏经阁，祈流通诸四众，历劫熏修，见闻此法，永持不舍，所愿一乘顿教，遍布人寰，三有群生，俱明性海者耳。赍经僧係鸡足山悉檀禅寺比丘道源、玄契等。
第137册／第619页,JS_137_1237#JS_137_1238,JS_137_1238,JS_137_1239,JS_1682_8,国图径山藏,,,吏部侍郎姚弘谟助银伍两，
第137册／第620页,JS_137_1239#JS_137_1240,JS_137_1239,,JS_1682_8,国图径山藏,1,应与上一条合并,贵州提学副使包柽芳助银拾两，翰林院编修冯梦桢〔祯〕助银拾两，嘉兴县知县顾云程助银伍两，秀水县知县陈九德助银伍两，长洲县知县鲁凤仪助银拾两，嘉兴乡进士包世杰助银拾两，吴江吴氏助银拾两荐父吴邦栋、母徐氏。
第142册／第616页,JS_142_1231#JS_142_1232,JS_142_1232,JS_142_1233,JS_1696_2,国图径山藏,,,助梓士夫：陆树声、陆光祖、黄正色、黄洪宪、冯第、冯梦祯、窦文照、李衷弘、李衷毅、吴缉、袁表、顾诚心、项德徵。
第142册／第617页,JS_142_1233#JS_142_1234,JS_142_1233,,JS_1696_2,国图径山藏,1,应与上一条合并,在家二众助金名姓：仁清、能了、能明、能圆、方济、周珮、倪乾、顾睦、姚霑、陆灼、姚氏、陶氏、明净、钱锡、杨松、沈氏、王氏、董氏、潘华、姜鸾、俞蕃、王庆、寿孙、徐氏、金盘、沈艮、伍经、张怀、如秀、顾氏、金养纯、朱思乔、徐慧猷、德净、徐氏、钱氏、金如幻、郑国祥、钱真慧、邵氏、杨氏、金氏、陈海昂、姚缘海、钱明清、妙信、蔡氏、张左泾、袁文达、周性晓、孟昌、姚氏、吴氏、陆普安、沈性真、徐果成、普行、沈氏、徐如澄、袁如空、石普慧、妙觉、妙真、陆氏、王氏、余天益、吴普成、潘如泾、兴戒、正念、刘员喜、周如心、徐如本、陆兴宗、如明、兴信、兴旺、明坚、妙会、会莲、会明、能清、智彻、妙清、正本、圆善、沈朝、沈氏、俞氏、费氏、张鐶、慧达、孙栋、孙懋、李氏、张氏、李椿、徐星、陆继游、陆氏、陆氏、吴氏、吴氏、汤氏、李氏。
第148册／第1页,JS_148_1#JS_148_2,JS_148_2,,JS_1761_1,国图径山藏,,,□元□。
第148册／第2页,JS_148_3#JS_148_4,JS_148_3,,JS_1761_1,国图径山藏,,,□元□。
第149册／第286页,JS_149_571#JS_149_572,JS_149_552,,JS_1782_6,国图径山藏,,,己巳补刻。
第151册／第457页,JS_151_913#JS_151_914,JS_151_914,JS_151_915,JS_1788_43,国图径山藏,,,勒记善信助资数目：第一本，序疏起至十八卷止，该银壹拾陆两叁钱，王元瑞壹拾陆两叁钱施刻。第二本，十九卷至二十八卷，该银壹拾陆两，张翼轸壹拾陆两施刻。第三本，二十九卷至三十一卷，该银壹拾伍两捌钱，李凌云、钱士贵各伍两，庄元祯、朱时恩各贰两玖钱共施刻。第四本，三十二卷全，该银壹拾伍两伍钱，邹孟仁壹拾伍两伍钱施刻。第五本，三十三卷全，该银壹拾陆两，黄廷鹄、何万化、冯明玠、沈匡济各肆两共施刻。第六本，三十四卷全，该银壹拾肆两，李耆卿、陆景晖、冯鼎位、张一鹄、徐宸葵各贰两捌钱共施刻。第七本，三十五卷全，该银壹拾两肆钱，姚士芳同男世隽贰两陆钱，叶师鲁、董祖和、叶有英各贰两陆钱共施刻。第八本，三十六卷全，该银壹拾陆两，
第151册／第458页,JS_151_915#JS_151_916,JS_151_915,,JS_1788_43,国图径山藏,1,应与上一条合并,邹孟浩壹拾陆两施刻。第九本，三十七卷之上，该银壹拾叁两，姚士慎同男世曙壹拾叁两施刻。第十本，三十七卷之下，该银壹拾陆两，徐兆祯、章辅世、张正、陆庆绍、屠旭各贰两，王钰、王铉各叁两共施刻。第十一本，三十八卷至三十九卷，该银壹拾肆两叁钱贰分，朱时恩玖两壹钱叁分，张宏、章肇开、章甲、章本练、吴汝昌、明甄、朱大绍各壹两。第十二本，四十卷至四十一卷，该银壹拾柒两伍钱，王元瑞壹拾柒两伍钱施刻。《佛祖纲目》迥异他书，上续慧命，下度群品，真心乐助者，固已旋趋于觉路，见闻随喜者，亦且共脱夫迷途。本愿大法流通，统祈自他兼利，真如福德，各各无边。至于王心岫居士捐资助刻首末二本外，复助刊刻刷印银贰拾两，特愿过去先祖王朝松、先祖母毛氏、先父王孙熙、先母张氏等尽获超升，现在侧室顾氏、长男王钰、生母卢氏、次男王铉、生母卢氏等，均蒙保祐，本色道人，弹指无非佛事云。皇明崇祯癸酉孟冬日，心空居士朱时恩敬书。
第151册／第609页,JS_151_1217#JS_151_1218,JS_151_1218,JS_151_1219,JS_1790_4,国图径山藏,,,居士分灯录劝缘引宋洪觉范禅师著《僧宝传》《林间录》《智证传》三书，昔人比之贯高、程婴、公孙杵臼之用心。兹朱心空居士，力扶正法，猛发弘愿，自庚戌迄今越二十年许，纂就《佛祖纲目》四十一卷，拟照藏板募梓流通。又缉《分灯录》二卷，今先付剞劂，凡居士七十二人，俱师承有据，及应化再来者，仍请七十二位居士各捐资五钱或三钱助刻此录，即注姓氏，庶符往哲，共续禅灯，其用心更勤且苦矣，僭为劝缘敢云导引。崇祯辛未一阳生日，劝缘友末章台鼎顿首拜启。中峰和尚阅《林间录》，有感而说偈曰：“林间编此录，深夜剔残灯。慧命微如线，人心冷似冰。祖庭空积雪，古路不逢僧。追跂前贤辙，思归一念增。”噫嘻！可胜叹哉！今不佞之辑《分灯》也，特竭微诚，敢有祷于居士。夫绎孔孟之微言，窥佛祖之命脉，原无二道，岂有两心？第直探本根而剪除缠蔽之荆棘，深穷教典而运出自己之家珍，提奖实心实行缁流，而使空门不至冷落，魔外不至充盈，则在今日，尤为急务耳。一时助梓宰官居士例得并书，以植殊因。张所望、陈继儒、张翼轸、黄廷鹄、徐兆祯、
第151册／第610页,JS_151_1219#JS_151_1220,JS_151_1219,,JS_1790_4,国图径山藏,1,应与上一条合并,王元瑞、李凌云、庄元祯、冯明玠、沈匡济、王献吉、姚士芳、叶师曾、章台鼎、杜麟征、邹孟仁、章辅世、许经、陆景晖、徐尔铉、董祖和、冯鼎弼、唐允谐、冯鼎位、叶有英、吴蹈昌、张天彝、陆庆麟、陆庆绍、邹孟浩、屠旭，以上各捐资五钱。蒋日华、唐允恭、徐仕杰、张方阳、屠洪谟、章台铉、姚世祥、沈鸣钟、李中梓、唐允怀、冯鼎锺、章闇、陆景象、章简、陆景行、张安苞、李是楫、褚璜、章甲、陆景俊、陆庆裕、杨方荣、唐国赞、董文洪、周孔易、高孟弢、冯鼎禄、冯鼎彦、冯鼎芬、陆庆期、陆庆颐、陆庆恒、陆庆泰、吴汝昌、大炯、王乃钦、王行弘、张骏声、张鸿声、唐居仁、陈有年、朱时恩，以上各捐资参钱。崇祯壬申八月朔日，心空居士朱时恩谨识。
第190册／第361页,JS_190_721#JS_190_722,JS_190_722,JS_190_723,JS_2025_4,国图径山藏,,,渝城湖山法宗、法乘大师，香国寺法宣、止常，嗣法门人传明、传莲，徒孙心诚、心德、觉弘、印喜、印定、印法同校刊。巴邑白君山法印、法藏、法密，潼川众信霍二俸、陈大猷、韩世能、赵美、陈继田、黄朝宗、黄能蛟、冯奇寿、杜宗义、何禹通、张君甫、吴成才、赵俸轩、高之梅、于方奇、于方会、侯纲、顾坤、贾宗玉、杨启华、汤开远、赵再星、龚喜仁、赵进洪、陈友志、李品琦、康在祥、黄一珍、刘进学、韩成翼、陈希荣、王明、李俸学、马明相、刘宗先、李国应、张胥、曾可重、金太星、穆国柄、姜现玉、王启明、杜门邹氏，射邑众信伏孔固、陈潜思、文登秀、蔡灵炤、张耀斗、袁登朝、张氏、张锦、蒲希仲、袁君诏、信女潘氏、胥印、胥承先、宋门何氏、胡耳顺、焦门袁氏、张仞、胥寒初、秦门田氏、李斯恩、张万里、罗应选、李名节、罗学燕、杨之晳、蔡真方、余士学、文天锦、王用予、文成一、马门宋氏、余氏、宋现明、毋长荣、宋全应、张希荣、王文魁、王进贤、牟昌林、王门王氏、景运开、赵瑞溪、张门付氏、李纪宗、金必伸、唐林芝、庞门马氏、太真、刘显汉、田照奇、崔续先、龚元爵、唐应举、杨震、
第190册／第362页,JS_190_723#JS_190_724,JS_190_723,,JS_2025_4,国图径山藏,1,应与上一条合并,文第、文应昌、杨洪荣、向桓荣、向桓鼎、赞今玉、马门陈氏，陕西商人陈文英率众信认字一千，等诱众姓发菩提心施资流通《东山和尚语录》，惟愿生生世世，得善知识开导，悟无生法忍者。浙江嘉兴府吴知先书，陈馥林刊。康熙癸亥孟夏月吉，嘉禾楞严寺般若堂藏板。
第193册／第3页,JS_193_5#JS_193_6,JS_193_6,JS_193_8,JS_2056_1,国图径山藏,,,助刻题名：钦命总督河道提督军务兵部左侍郎兼都察院右副都御史加一级潼川王新命；镶蓝旗汉军营驻防陕西西安府协领曹士琦，男曹元芳、圆哥；镶黄旗汉军营驻防西安府拖沙喇哈番李本强，男李世禄，孙智聪、海琛；川陕总督部院衙门笔帖式马尔泰，男韩瑞、海珠；文林郎同知乾州事阆中李世杰；文林郎知湖州府归安县事长安冯云龙；汉醇儒广川伯裔世袭生员董文昌；咸长两邑庠生蔺毓秀、李文蔚、冯云骧；信善张自顺、刘元昇、吕友、乌礼巴、杨志胜、金如琏、彭兆生、白蕴玉、倪五桂、王应魁、朱有谅、周文极、陈之信、徐得胜、刘国斌、王霖、林应凤、周继武、张弘仁、杨毓忠、丘全德、徐得福、王喜圆、张集义、吴国祐、孙承业、尤士贵、王显志、
第193册／第4页,JS_193_7#JS_193_8,JS_193_7#JS_193_8,,JS_2056_1,国图径山藏,1,应与上一条合并,金有禄、姚元鼎、金海珍、焦文才、马之骐、王彪、赵二、马能、云松远、梓郢林、觉真、牧雨、永敖、道觉、献云、德诚、恒崖、同葆、觉道、紫衣、德宗、发暹、海岸、觉宗、慧明、心安、性智、照俊、明还、了后、续宗、了虚、显光、宗显、体法、恒祥、广居、觉之、如髻、清玉、寂定、清潮、照祥、瑞一、海定、净域、心诚、宝弘、心一、海清、真学、照慧、照福、清霄、真净、明体、照兴、行善、祥照、灵修、闻修、隆智、明洁、性瑜、性聪、性懿、性玉。右暨满汉绅衿缁素众善人等，发心捐资助刻《憨休禅师语录》一部，上祝皇图巩固，帝道遐昌，海宇清平，万邦宁谧，四恩总报，三有齐资，凡向时中，吉祥如意者。康熙二十九年岁次庚午九月 日谨述。
第202册／第390页,JS_202_779#JS_202_780,JS_202_780,JS_202_781,JS_2144_5,国图径山藏,,,信善潘照旵、鲍广辉、古圣踏、龙□云、雷普净、叶德深、刘悟圣、翁际会、汪广德、周继先，僧联铠，张广悟、左玉桂、邓万镒、田寂弘、刘名声、田祖魁、江广修、廖尚志、田实树、方觉普、杨聪、□寂贤、方圣祚、□□进、曾近成、叶真极、高枝芳、曾朝柱、张国伟、□起云、胡净智、秦□闻、傅起鳌、罗净朝、桂月馨、吴君道等同刻。
第202册／第391页,JS_202_781#JS_202_782,JS_202_781,,JS_2144_5,国图径山藏,1,应与上一条合并,信女危门王氏□□、曾门江氏祖德、高门李氏恒静、聂门刘氏恒修、胡门危氏恒祥、李门赵氏寂素、张门张氏恒□、黎门冯氏、王门胡氏、胡门李氏广缘、藩门潘氏□念、桂门李氏实相、刘门朱氏□达、王门刘氏圣照、陈门龙氏□贤、罗门叶氏恒旨、梨门李氏、张门陈氏普法、□门雷氏广□、刘门雷氏广□、袁门吕氏□□、吴门刘氏圣祯、熊门邓氏寂□、郑门王氏广明、徐门朱氏恒修、雷门蒋氏法慈、□门□氏、雷门□氏恒祯、雷门□氏心悟、秦门桂氏圣荫、□门曾氏寂聪、叶门王氏妙乐、刘门罗氏□能、张门汪氏圣清等同刻。海盐陈子兰书，楞严夏维宁、倪尔绳同镌。康熙丁亥季夏穀旦，嘉兴楞严寺般若堂藏板。
第205册／第185页,JS_205_369#JS_205_370,JS_205_370,JS_205_373,JS_2163_14,国图径山藏,,,助刻缁素芳名列后：镶黄旗安公，正黄旗商公，户部侍郎蟒公，礼部马公、云公、李公，刑部侍郎噶公，兵部莫公、常公，工部员外郎刘公，辽阳州牧范公，八旗僧录僧纲司陈宽阔、李祖德、李化智、丁祖慧、陈宗明、孙传学、苗焦冥鍊师、王师元、史祖印、王崇兴、越方大师、杜信智、徐愿闻、刘转智、古林和尚、翟周、湧光和尚、滕武。各刹住持当家僧信：纯真、方成、梵持、心源、博宗、默契、宽智、和初、莲芳、勉庵、觉悟、法轩、瑞云、元真、默印、寰彰、西来、悦宗、鉴如、彬容、文轩、明宗、直指、慧鉴、藏六、祖兴、法海、慧德、妙义、妙元、妙寿、妙伦、妙稳、超凡、祖通、体辉、体文、体亮、圆柏、妙科、妙真、妙鐸、妙宝、无迹、传嘉、从有、从如、宽儒、祖让、崇福、传禄、师义、名香、现先、从道、体恒、传印、师礼、实权、古镜、崇兴、戒珠、传广、祖洁、明慧、实全、玄文、本德、传俊、师贵、传心、本通、体通、妙令、玄净、传胤、现仁、师乐、师智、正见、正硕、正照、正圆、重禄、重春、元寿、通和、正筏、正莲、正闻、现盛、重建、广慧、明宝、古心、妙安、体贵、崇亮、性圆、祖道、海善、镇禄、祖代、吉照、古善、体超、妙荣、海亮、妙智、祖量、本法、信圆、现遥、天就、便宇、家珍、传文、师文、师正、传圣、宗秀、现奇、慈舟、琢之、师清、传教、师保、碧玉。
第205册／第186页,JS_205_371#JS_205_372,JS_205_371#JS_205_372,,JS_2163_14,国图径山藏,1,,各处善人居士：曾福贵、胡朝輔、王缙云、闵继宗、缪双全、金富国、□魁吾、徐腾蛟、徐腾龙、张妙庵、常祥、□今□、陈贵庵、李化龙、马东湖、王之璋、李□贵、李纯吾、杨名桧、李含芳、张世洁、乔进忠、张洪成、吴景龙、耿天枢、王国明、刘万库、李三□、侯国旺、张洪水、吴景槐、方济、高凤鸣、姚有名、姚有库、崔凤鸣、董国相、高文贤、朱坦一、王梦臣、沈纶、庄文举、黄养凤、蒋文魁、金古鉴、杨进忠、李文茂、张崇慧、马古岩、沈玄德、徐有粮、赵莲溪、刘古解、卢弘惠、刘尚仁、周古渡、朱德富、朱得贵、卫显荣、姚自荣、王玺、蒋祖记、李凤台、李祖让、陈一凤、郭鸣凤、□起元、金三有、侯成福、戚维翰、汪起、杨古道、崔今让、魏显文、刘万金、张成志、熊古昇、李古培、高古请、闻古脉、李传根、戴君上、邵登第、方义龙、祝朝卿、何先明、黄古昚、蔡凤起、夏尚仁、林时亮、常文英、常文华、郑文行、张成志、王起志、南喜施、刘光祖、徐登云、吴登第、金仲文、支明龙、刘维国、刘承基、陈应祯、马既闲、刘自禄、孟天才、赵开亮、金古石、李时明、李自明、曾学礼、刘显魁、刘贵芳、刘珩、杨自修、魏洪宇、郭任道、王科、范国兴、李廷秀、刘国祥、王可堯、王国翰、毕则林、王世民、程有节、陈六府、刘肇贤、贺国祚、高元霓、崔文召、张洪基、王从明、郭一良、刘德全、齐之俊、刘守道、刘守德、杨成美、李有林、戴有龙、李在彦、郭万玉、倪永福、李天寿、刘世魁、张志祥、杨诚才、杨国祥、祝永茂、赵云程、徐祥龙、陈自密、程澡、丁尚文、王自成、高自成、周法、郝国兴、郭应成、周六龙、姜起龙、朱一禄、梅子法、王吉林、赵邦英、董有禄、何先明、田成云、张从令、杨进明、连应举、高云龙、成长贵、杨明芳、徐维屏、黄骏机、高云亮、刘应儒、王守勋、佟时明、刘汉弼、刘德庆、邓宗禹、穆梦奇、金国栋、刘师保、吴国泰、韩正照、王永元、□国梁。各方女信善人:曾门传敏、陈氏、秦氏、张氏、王氏，吴门传月、传珠、李氏、岳氏、德淳、黄氏、陈氏，常门□氏、张氏、马氏，黄门传灯、舒氏、李氏、王氏，王门古宙、史氏、侯氏、张氏、袁氏、齐氏、杨氏、李氏、刘氏、朱氏、王氏，卫门商氏、丁氏、王氏、孙氏、韩氏、黄氏、金氏、孟氏、李氏、刘氏、于氏、栾氏、得财、得子、卫福，刘门智幢、纪氏、陈氏、汪氏、蔡氏、贾氏、德男、袁氏、望氏、马氏、王氏、周氏、张氏、曹氏、法男、田氏、彭氏，张门具足、李氏、刘氏、崔氏、杨氏、法喜、德光、徐氏、赵氏、胡氏、戴氏、法引、王氏，于门刘氏、李氏、邵氏、杨氏、于氏、戴氏，朱门李氏、刘氏，李门康氏、皮氏、乔氏、梅氏、王氏、傅氏、刁氏，丁门罗氏、黄氏、杨氏，洪门刘氏、孔氏，赵门任氏、徐氏、刘氏、李氏，金门王氏、梅氏、赵氏、刘氏，胡门高氏、何氏、吴氏、刘氏，姚门德升、张氏、洪氏，吕门齐氏、王氏、曹氏、刘氏、周氏，白门刘氏、金氏，孙门刘氏、张氏、杨氏、布氏，俞门周氏、杨氏、金氏，裴门刘氏、丁氏、姜氏，马门曾氏、王氏、金氏、孔氏，杨门李氏、王氏、冯氏、萧氏，曹门常氏、殷氏、董氏，周门李氏、董氏、金氏、房氏，徐门康氏、张氏，
第205册／第187页,JS_205_373#JS_205_374,JS_205_373,,JS_2163_14,国图径山藏,1,应与上两条合并,卢门王氏、李氏，任门张氏、张氏，□门李氏、孙氏，陈门侯氏、翟氏，高门李氏、李氏，谈门项氏，谷门闵氏，米门何氏，彭门刘氏，布门德□，左门李氏，何门张氏，殷门许氏，史门赵氏，耿门曾氏，夏门法正，腾门陆氏，范门周氏，梁门真氏，孔门鄧氏，戴门张氏，傅门赵氏，雷门郭氏，冯门瑞氏，安门吕氏，宋门高氏，崔门高氏，崔门刘氏，樊门王氏，韩门吴氏，韩门周氏，童门赵氏，□门徐氏，萧门范氏，蔡门何氏，自考，体超，刑门刘氏，玉鉴，体贵，古善，□乐。康熙三十三年十一月 日侍僧德备、德印等附刻，伏愿现存益庆，亡者生天。
第218册／第16页,JS_218_31#JS_218_32,JS_218_31#JS_218_32,,JS_2241_1#JS_2242_1,国图径山藏,,应拆分,钟颖庵智昑、智昕捐。
第218册／第17页,JS_218_33#JS_218_34,JS_218_33#JS_218_34,,JS_2242_1,国图径山藏,,应拆分,钟颖庵智昑、智昕捐。
第218册／第18页,JS_218_35#JS_218_36,JS_218_35#JS_218_36,,JS_2242_1,国图径山藏,,应拆分,钟颖庵智昑、智昕捐。
第218册／第19页,JS_218_37#JS_218_38,JS_218_37#JS_218_38,,JS_2242_1,国图径山藏,,应拆分,钟颖庵智昑、智昕捐。
第218册／第20页,JS_218_39#JS_218_40,JS_218_39#JS_218_40,,JS_2242_1,国图径山藏,,应拆分,钟颖庵智昑、智昕捐。
第218册／第21页,JS_218_41#JS_218_42,JS_218_41#JS_218_42,,JS_2242_1,国图径山藏,,应拆分,钟颖庵智昑、智昕捐。
第218册／第22页,JS_218_43#JS_218_44,JS_218_43#JS_218_44,,JS_2242_1,国图径山藏,,应拆分,钟颖庵智昑、智昕捐。
第218册／第23页,JS_218_45#JS_218_46,JS_218_45#JS_218_46,,JS_2242_1,国图径山藏,,应拆分,钟颖庵智昑、智昕捐。
第218册／第24页,JS_218_47#JS_218_48,JS_218_47#JS_218_48,,JS_2242_1,国图径山藏,,应拆分,钟颖庵智昑、智昕捐。
第218册／第25页,JS_218_49#JS_218_50,JS_218_49#JS_218_50,,JS_2242_1,国图径山藏,,应拆分,钟颖庵智昑、智昕捐。
第218册／第26页,JS_218_51#JS_218_52,JS_218_51#JS_218_52,,JS_2242_1,国图径山藏,,应拆分,钟颖庵智昑、智昕捐。
第218册／第27页,JS_218_53#JS_218_54,JS_218_53#JS_218_54,,JS_2242_1,国图径山藏,,应拆分,钟颖庵智昑、智昕捐。
第218册／第28页,JS_218_55#JS_218_56,JS_218_55#JS_218_56,,JS_2242_1,国图径山藏,,应拆分,钟颖庵智昑、智昕捐。
第218册／第29页,JS_218_57#JS_218_58,JS_218_57#JS_218_58,,JS_2242_1,国图径山藏,,应拆分,钟颖庵智昑、智昕捐。
第218册／第406页,JS_218_811#JS_218_812,JS_218_812,JS_218_813,JS_2244_7,国图径山藏,,,万寿庵法师海亮助银三两，善果寺比丘觉晓、悟宣、悟心、际寿、照恒、光智共助银四两八钱，愍忠寺比丘如凤助银八钱，法通寺比丘智向助银一两，自宽、慧容、慧椿、海会共助银二两，佑圣寺比丘明眼、实果各助银八钱，万佛堂比丘自修助银一两，世刹海比丘普兴助银二两。信士贾进礼助银二两，信士方自照助银一两六钱，信士卢自愈助银一两，信士李之润助银一两，信士赵来明王氏助银二两四钱，信士宋如贵杨氏助银一两六钱，信士唐常继助银一两二钱，
第218册／第407页,JS_218_813#JS_218_814,JS_218_813,,JS_2244_7,国图径山藏,1,应与上一条合并,信士朱傅寿、那来福、蔡寂果、吴寂成、刘广和、张来昌、韩来兴、杨定书、闫寂应，以上九人各八钱，信士吴来宁、吴来祥、李来魁、曾普度、谢广宁、崔来敬，以上六人各四钱，信士来普、来文、来慈、闫起秀、福圣、智善、关门吴氏，以上七人共八钱，信士来清、来行、弘建，以上四人共八钱，信士来修、来悟、智性、黄宝福、刘来有、吴门杨氏、黑子，以上各二钱，比丘深亮、隆慧，以上各八钱。以上三十七人皆藏主云学转化。信女荣门李氏助银二两。
第218册／第495页,JS_218_989#JS_218_990,JS_218_990,JS_218_991,JS_2244_9,国图径山藏,,,信官善祥全〔同〕室妞妞助银十两（法师伏受转化），佛弟子胡守同室鲁妙秀助银五两。毗卢庵比丘寂晓助银五两，普庆寺比丘大润助银四两，观音庵助银二两五钱，观音庵比丘洪音助银二两，关帝庙法师绍弘助银一两五钱，永寿观音庵法师行宣助银八钱，水月庵比丘隆净助银八钱，地藏庵比丘照成助银八钱，真修庵比丘自明助银八钱，
第218册／第496页,JS_218_991#JS_218_992,JS_218_991,,JS_2244_9,国图径山藏,1,应与上一条合并,五台天盆寺比丘普忍助银八钱，比丘月印助银八钱，比丘岐山助银八钱。佛弟子冯自昙同李王赵吴众善信等助银四两，信士高正助银三两二钱，信士郎庙秀同男生财助银一两六钱，信士徐养民助银八钱，信士刘进德助银八钱，佛弟子李心白助银四钱，佛弟子李自严助银四钱。板存京都红萝厂后外旃檀寺。
