page,issue_type,obj_id,detail
QS_22_320,CHAR_MISSING_COLUMN,b1c4c1,expected column b1c4
QS_22_320,CHAR_MISSING_COLUMN,b1c4c2,expected column b1c4
QS_22_320,CHAR_MISSING_COLUMN,b1c4c3,expected column b1c4
JS_147_776,CHAR_MISSING_COLUMN,b2c1c1,expected column b2c1
JS_147_777,CHAR_MISSING_COLUMN,b1c1c1,expected column b1c1
JS_147_777,CHAR_MISSING_COLUMN,b1c1c2,expected column b1c1
JS_147_777,CHAR_MISSING_COLUMN,b1c1c3,expected column b1c1
JS_147_777,CHAR_MISSING_COLUMN,b1c1c4,expected column b1c1
JS_147_777,CHAR_MISSING_COLUMN,b1c1c5,expected column b1c1
JS_147_777,CHAR_MISSING_COLUMN,b1c1c6,expected column b1c1
JS_147_777,CHAR_MISSING_COLUMN,b1c1c7,expected column b1c1
JS_147_777,CHAR_MISSING_COLUMN,b1c1c8,expected column b1c1
JS_147_777,CHAR_MISSING_COLUMN,b1c1c9,expected column b1c1
JS_147_777,CHAR_MISSING_COLUMN,b1c1c10,expected column b1c1
JS_147_777,CHAR_MISSING_COLUMN,b1c1c11,expected column b1c1
JS_147_777,CHAR_MISSING_COLUMN,b1c1c12,expected column b1c1
JS_147_777,CHAR_MISSING_COLUMN,b1c1c13,expected column b1c1
JS_147_777,CHAR_MISSING_COLUMN,b1c1c14,expected column b1c1
JS_147_777,CHAR_MISSING_COLUMN,b1c1c15,expected column b1c1
JS_147_777,CHAR_MISSING_COLUMN,b1c1c16,expected column b1c1
JS_147_777,CHAR_MISSING_COLUMN,b1c1c17,expected column b1c1
JS_147_777,CHAR_MISSING_COLUMN,b1c1c18,expected column b1c1
JS_147_777,CHAR_MISSING_COLUMN,b1c1c19,expected column b1c1
JS_147_777,CHAR_MISSING_COLUMN,b1c1c20,expected column b1c1
JS_147_777,CHAR_MISSING_COLUMN,b1c1c21,expected column b1c1
JS_147_777,CHAR_MISSING_COLUMN,b1c1c22,expected column b1c1
JS_147_777,CHAR_MISSING_COLUMN,b1c1c23,expected column b1c1
JS_147_777,CHAR_MISSING_COLUMN,b1c1c24,expected column b1c1
JS_147_777,CHAR_MISSING_COLUMN,b1c1c25,expected column b1c1
JS_147_777,CHAR_MISSING_COLUMN,b1c1c26,expected column b1c1
JS_147_777,CHAR_MISSING_COLUMN,b1c1c27,expected column b1c1
JS_203_584,COLUMN_MISSING_BLOCK,b1c1,expected block b1
GL_1496_7_11,CHAR_MISSING_COLUMN,b1c1c1,expected column b1c1
GL_1496_7_11,CHAR_MISSING_COLUMN,b1c1c2,expected column b1c1
GL_1496_7_11,CHAR_MISSING_COLUMN,b1c1c3,expected column b1c1
GL_1496_7_11,CHAR_MISSING_COLUMN,b1c1c4,expected column b1c1
GL_1496_7_11,CHAR_MISSING_COLUMN,b1c1c5,expected column b1c1
GL_1496_7_11,CHAR_MISSING_COLUMN,b1c1c6,expected column b1c1
GL_1496_7_11,CHAR_MISSING_COLUMN,b1c1c7,expected column b1c1
GL_1496_7_11,CHAR_MISSING_COLUMN,b1c1c8,expected column b1c1
GL_1496_7_11,CHAR_MISSING_COLUMN,b1c1c9,expected column b1c1
GL_1496_7_11,CHAR_MISSING_COLUMN,b1c1c10,expected column b1c1
GL_1496_7_11,CHAR_MISSING_COLUMN,b1c1c11,expected column b1c1
GL_1496_7_11,CHAR_MISSING_COLUMN,b1c1c12,expected column b1c1
GL_1496_7_11,CHAR_MISSING_COLUMN,b1c1c13,expected column b1c1
GL_1496_7_11,CHAR_MISSING_COLUMN,b1c1c14,expected column b1c1
GL_1_133_21,CHAR_MISSING_COLUMN,b1c9c1,expected column b1c9
GL_1_133_21,CHAR_MISSING_COLUMN,b1c9c2,expected column b1c9
GL_1018_1_26,CHAR_MISSING_COLUMN,b1c25c1,expected column b1c25
GL_1018_1_26,CHAR_MISSING_COLUMN,b1c25c2,expected column b1c25
GL_1018_1_26,CHAR_MISSING_COLUMN,b1c25c3,expected column b1c25
GL_1018_1_26,CHAR_MISSING_COLUMN,b1c25c4,expected column b1c25
GL_1018_1_26,CHAR_MISSING_COLUMN,b1c25c5,expected column b1c25
GL_1018_1_26,CHAR_MISSING_COLUMN,b1c25c6,expected column b1c25
GL_1018_1_26,CHAR_MISSING_COLUMN,b1c25c7,expected column b1c25
GL_1018_1_26,CHAR_MISSING_COLUMN,b1c25c8,expected column b1c25
GL_1018_1_26,CHAR_MISSING_COLUMN,b1c25c9,expected column b1c25
GL_1018_1_26,CHAR_MISSING_COLUMN,b1c25c10,expected column b1c25
GL_1018_1_26,CHAR_MISSING_COLUMN,b1c25c11,expected column b1c25
GL_1018_1_26,CHAR_MISSING_COLUMN,b1c25c12,expected column b1c25
GL_1018_1_26,CHAR_MISSING_COLUMN,b1c25c13,expected column b1c25
GL_1018_1_26,CHAR_MISSING_COLUMN,b1c25c14,expected column b1c25
GL_1018_1_26,CHAR_MISSING_COLUMN,b1c25c15,expected column b1c25
PD_2135_6,CHAR_MISSING_COLUMN,b1c15c1,expected column b1c15
PD_2093_4,CHAR_MISSING_COLUMN,b1c31c1,expected column b1c31
PD_2093_4,CHAR_MISSING_COLUMN,b1c31c2,expected column b1c31
PD_2093_4,CHAR_MISSING_COLUMN,b1c31c3,expected column b1c31
SD_102_1_7,CHAR_MISSING_COLUMN,b1c8c1,expected column b1c8
SD_102_1_7,CHAR_MISSING_COLUMN,b1c8c2,expected column b1c8
SD_102_1_7,CHAR_MISSING_COLUMN,b1c8c3,expected column b1c8
SD_102_1_7,CHAR_MISSING_COLUMN,b1c8c4,expected column b1c8
SD_102_1_7,CHAR_MISSING_COLUMN,b1c8c5,expected column b1c8
SD_102_1_7,CHAR_MISSING_COLUMN,b1c8c6,expected column b1c8
SD_102_1_7,CHAR_MISSING_COLUMN,b1c8c7,expected column b1c8
SD_102_1_7,CHAR_MISSING_COLUMN,b1c8c8,expected column b1c8
SD_102_1_7,CHAR_MISSING_COLUMN,b1c8c9,expected column b1c8
SD_102_1_7,CHAR_MISSING_COLUMN,b1c8c10,expected column b1c8
SD_102_1_7,CHAR_MISSING_COLUMN,b1c8c11,expected column b1c8
SD_102_1_7,CHAR_MISSING_COLUMN,b1c8c12,expected column b1c8
HN_2_575,CHAR_MISSING_COLUMN,b2c18c1,expected column b2c18
HN_2_575,CHAR_MISSING_COLUMN,b2c18c2,expected column b2c18
HN_2_575,CHAR_MISSING_COLUMN,b2c18c3,expected column b2c18
HN_2_575,CHAR_MISSING_COLUMN,b2c18c4,expected column b2c18
HN_2_575,CHAR_MISSING_COLUMN,b2c28c1,expected column b2c28
HN_2_575,CHAR_MISSING_COLUMN,b2c28c2,expected column b2c28
HN_2_575,CHAR_MISSING_COLUMN,b2c28c3,expected column b2c28
HN_3_405,CHAR_MISSING_COLUMN,b1c9c1,expected column b1c9
HN_3_405,CHAR_MISSING_COLUMN,b1c12c1,expected column b1c12
HN_3_405,CHAR_MISSING_COLUMN,b1c14c1,expected column b1c14
HN_3_405,CHAR_MISSING_COLUMN,b1c16c1,expected column b1c16
HN_4_623,COLUMN_MISSING_BLOCK,b2c1,expected block b2
HN_4_623,COLUMN_MISSING_BLOCK,b2c2,expected block b2
HN_4_623,COLUMN_MISSING_BLOCK,b2c3,expected block b2
HN_4_623,COLUMN_MISSING_BLOCK,b2c4,expected block b2
HN_4_623,COLUMN_MISSING_BLOCK,b2c5,expected block b2
HN_4_623,COLUMN_MISSING_BLOCK,b2c6,expected block b2
HN_4_623,COLUMN_MISSING_BLOCK,b2c7,expected block b2
HN_4_623,COLUMN_MISSING_BLOCK,b2c8,expected block b2
HN_4_623,COLUMN_MISSING_BLOCK,b2c9,expected block b2
HN_4_623,COLUMN_MISSING_BLOCK,b2c10,expected block b2
HN_4_623,COLUMN_MISSING_BLOCK,b2c11,expected block b2
HN_4_230,CHAR_MISSING_COLUMN,b2c34c1,expected column b2c34
HN_4_230,CHAR_MISSING_COLUMN,b2c34c2,expected column b2c34
HN_4_230,CHAR_MISSING_COLUMN,b2c34c3,expected column b2c34
HN_4_230,CHAR_MISSING_COLUMN,b2c34c4,expected column b2c34
HN_4_230,CHAR_MISSING_COLUMN,b2c34c5,expected column b2c34
HN_4_230,CHAR_MISSING_COLUMN,b2c34c6,expected column b2c34
HN_4_230,CHAR_MISSING_COLUMN,b2c34c7,expected column b2c34
HN_4_230,CHAR_MISSING_COLUMN,b2c38c1,expected column b2c38
HN_4_230,CHAR_MISSING_COLUMN,b2c38c2,expected column b2c38
HN_4_230,CHAR_MISSING_COLUMN,b2c38c3,expected column b2c38
HN_4_230,CHAR_MISSING_COLUMN,b2c38c4,expected column b2c38
HN_4_230,CHAR_MISSING_COLUMN,b2c38c5,expected column b2c38
HN_4_230,CHAR_MISSING_COLUMN,b2c38c6,expected column b2c38
HN_4_230,CHAR_MISSING_COLUMN,b2c38c7,expected column b2c38
HN_4_230,CHAR_MISSING_COLUMN,b2c38c8,expected column b2c38
HN_4_230,CHAR_MISSING_COLUMN,b2c38c9,expected column b2c38
HN_5_1_157,CHAR_MISSING_COLUMN,b1c1c1,expected column b1c1
HN_5_1_157,CHAR_MISSING_COLUMN,b1c1c2,expected column b1c1
HN_5_1_157,CHAR_MISSING_COLUMN,b1c1c3,expected column b1c1
HN_5_1_157,CHAR_MISSING_COLUMN,b1c1c4,expected column b1c1
HN_5_1_157,CHAR_MISSING_COLUMN,b1c1c5,expected column b1c1
HN_5_4_253,CHAR_MISSING_COLUMN,b1c153c1,expected column b1c153
HN_5_4_253,CHAR_MISSING_COLUMN,b1c153c2,expected column b1c153
HN_5_4_253,CHAR_MISSING_COLUMN,b1c153c3,expected column b1c153
HN_5_4_253,CHAR_MISSING_COLUMN,b1c153c4,expected column b1c153
HN_5_4_253,CHAR_MISSING_COLUMN,b1c153c5,expected column b1c153
HN_5_4_253,CHAR_MISSING_COLUMN,b1c156c1,expected column b1c156
HN_5_4_253,CHAR_MISSING_COLUMN,b1c156c2,expected column b1c156
HN_5_4_253,CHAR_MISSING_COLUMN,b1c156c3,expected column b1c156
HN_5_4_253,CHAR_MISSING_COLUMN,b1c159c1,expected column b1c159
HN_5_4_253,CHAR_MISSING_COLUMN,b1c159c2,expected column b1c159
HN_5_4_253,CHAR_MISSING_COLUMN,b1c159c3,expected column b1c159
HN_5_4_253,CHAR_MISSING_COLUMN,b1c162c1,expected column b1c162
HN_5_4_253,CHAR_MISSING_COLUMN,b1c162c2,expected column b1c162
HN_5_4_253,CHAR_MISSING_COLUMN,b1c162c3,expected column b1c162
HN_5_4_253,CHAR_MISSING_COLUMN,b1c165c1,expected column b1c165
HN_5_4_253,CHAR_MISSING_COLUMN,b1c165c2,expected column b1c165
HN_5_4_253,CHAR_MISSING_COLUMN,b1c165c3,expected column b1c165
HN_5_4_253,CHAR_MISSING_COLUMN,b1c167c1,expected column b1c167
HN_5_4_253,CHAR_MISSING_COLUMN,b1c167c2,expected column b1c167
HN_5_4_253,CHAR_MISSING_COLUMN,b1c260c1,expected column b1c260
HN_5_4_253,CHAR_MISSING_COLUMN,b1c260c2,expected column b1c260
HN_5_4_253,CHAR_MISSING_COLUMN,b1c260c3,expected column b1c260
HN_5_4_253,CHAR_MISSING_COLUMN,b1c260c4,expected column b1c260
HN_5_4_253,CHAR_MISSING_COLUMN,b1c266c1,expected column b1c266
HN_5_4_253,CHAR_MISSING_COLUMN,b1c266c2,expected column b1c266
HN_5_4_253,CHAR_MISSING_COLUMN,b1c266c3,expected column b1c266
HN_5_4_253,CHAR_MISSING_COLUMN,b1c266c4,expected column b1c266
HN_5_4_253,CHAR_MISSING_COLUMN,b1c266c5,expected column b1c266
HN_5_4_253,CHAR_MISSING_COLUMN,b1c266c6,expected column b1c266
HN_5_4_253,CHAR_MISSING_COLUMN,b1c270c1,expected column b1c270
HN_5_4_253,CHAR_MISSING_COLUMN,b1c270c2,expected column b1c270
HN_5_4_253,CHAR_MISSING_COLUMN,b1c270c3,expected column b1c270
HN_5_4_253,CHAR_MISSING_COLUMN,b1c270c4,expected column b1c270
HN_5_4_253,CHAR_MISSING_COLUMN,b1c274c1,expected column b1c274
HN_5_4_253,CHAR_MISSING_COLUMN,b1c274c2,expected column b1c274
HN_5_4_253,CHAR_MISSING_COLUMN,b1c274c3,expected column b1c274
HN_5_4_253,CHAR_MISSING_COLUMN,b1c274c4,expected column b1c274
HN_5_4_253,CHAR_MISSING_COLUMN,b1c277c1,expected column b1c277
HN_5_4_253,CHAR_MISSING_COLUMN,b1c277c2,expected column b1c277
HN_5_4_253,CHAR_MISSING_COLUMN,b1c277c3,expected column b1c277
HN_5_4_253,CHAR_MISSING_COLUMN,b1c281c1,expected column b1c281
HN_5_4_253,CHAR_MISSING_COLUMN,b1c281c2,expected column b1c281
HN_5_4_253,CHAR_MISSING_COLUMN,b1c281c3,expected column b1c281
HN_5_4_253,CHAR_MISSING_COLUMN,b1c281c4,expected column b1c281
HN_5_4_253,CHAR_MISSING_COLUMN,b1c285c1,expected column b1c285
HN_5_4_253,CHAR_MISSING_COLUMN,b1c285c2,expected column b1c285
HN_5_4_253,CHAR_MISSING_COLUMN,b1c285c3,expected column b1c285
HN_5_4_253,CHAR_MISSING_COLUMN,b1c285c4,expected column b1c285
HN_5_4_253,CHAR_MISSING_COLUMN,b1c287c1,expected column b1c287
HN_5_4_253,CHAR_MISSING_COLUMN,b1c287c2,expected column b1c287
HN_5_4_253,CHAR_MISSING_COLUMN,b1c291c1,expected column b1c291
HN_5_4_253,CHAR_MISSING_COLUMN,b1c291c2,expected column b1c291
HN_5_4_253,CHAR_MISSING_COLUMN,b1c291c3,expected column b1c291
HN_5_4_253,CHAR_MISSING_COLUMN,b1c291c4,expected column b1c291
HN_5_4_253,CHAR_MISSING_COLUMN,b1c296c1,expected column b1c296
HN_5_4_253,CHAR_MISSING_COLUMN,b1c296c2,expected column b1c296
HN_5_4_253,CHAR_MISSING_COLUMN,b1c296c3,expected column b1c296
HN_5_4_253,CHAR_MISSING_COLUMN,b1c296c4,expected column b1c296
HN_5_4_253,CHAR_MISSING_COLUMN,b1c296c5,expected column b1c296
HN_5_4_253,CHAR_MISSING_COLUMN,b1c300c1,expected column b1c300
HN_5_4_253,CHAR_MISSING_COLUMN,b1c300c2,expected column b1c300
HN_5_4_253,CHAR_MISSING_COLUMN,b1c300c3,expected column b1c300
HN_5_4_253,CHAR_MISSING_COLUMN,b1c300c4,expected column b1c300
HN_5_4_253,CHAR_MISSING_COLUMN,b1c304c1,expected column b1c304
HN_5_4_253,CHAR_MISSING_COLUMN,b1c304c2,expected column b1c304
HN_5_4_253,CHAR_MISSING_COLUMN,b1c304c3,expected column b1c304
HN_5_4_253,CHAR_MISSING_COLUMN,b1c304c4,expected column b1c304
HN_5_4_253,CHAR_MISSING_COLUMN,b1c306c1,expected column b1c306
HN_5_4_253,CHAR_MISSING_COLUMN,b1c306c2,expected column b1c306
HN_5_4_253,CHAR_MISSING_COLUMN,b1c309c1,expected column b1c309
HN_5_4_253,CHAR_MISSING_COLUMN,b1c309c2,expected column b1c309
HN_5_4_253,CHAR_MISSING_COLUMN,b1c309c3,expected column b1c309
HN_5_4_253,CHAR_MISSING_COLUMN,b1c312c1,expected column b1c312
HN_5_4_253,CHAR_MISSING_COLUMN,b1c312c2,expected column b1c312
HN_5_4_253,CHAR_MISSING_COLUMN,b1c312c3,expected column b1c312
HN_5_4_253,CHAR_MISSING_COLUMN,b1c317c1,expected column b1c317
HN_5_4_253,CHAR_MISSING_COLUMN,b1c317c2,expected column b1c317
HN_5_4_253,CHAR_MISSING_COLUMN,b1c317c3,expected column b1c317
HN_5_4_253,CHAR_MISSING_COLUMN,b1c317c4,expected column b1c317
HN_5_4_253,CHAR_MISSING_COLUMN,b1c317c5,expected column b1c317
HN_5_4_253,CHAR_MISSING_COLUMN,b1c320c1,expected column b1c320
HN_5_4_253,CHAR_MISSING_COLUMN,b1c320c2,expected column b1c320
HN_5_4_253,CHAR_MISSING_COLUMN,b1c320c3,expected column b1c320
HN_5_4_253,CHAR_MISSING_COLUMN,b1c326c1,expected column b1c326
HN_5_4_253,CHAR_MISSING_COLUMN,b1c326c2,expected column b1c326
HN_5_4_253,CHAR_MISSING_COLUMN,b1c326c3,expected column b1c326
HN_5_4_253,CHAR_MISSING_COLUMN,b1c326c4,expected column b1c326
HN_5_4_253,CHAR_MISSING_COLUMN,b1c326c5,expected column b1c326
HN_5_4_253,CHAR_MISSING_COLUMN,b1c326c6,expected column b1c326
HN_5_4_253,CHAR_MISSING_COLUMN,b1c335c1,expected column b1c335
HN_5_4_253,CHAR_MISSING_COLUMN,b1c335c2,expected column b1c335
HN_5_4_253,CHAR_MISSING_COLUMN,b1c335c3,expected column b1c335
HN_5_4_253,CHAR_MISSING_COLUMN,b1c335c4,expected column b1c335
HN_5_4_253,CHAR_MISSING_COLUMN,b1c335c5,expected column b1c335
HN_5_4_253,CHAR_MISSING_COLUMN,b1c335c6,expected column b1c335
HN_5_4_253,CHAR_MISSING_COLUMN,b1c335c7,expected column b1c335
HN_5_4_253,CHAR_MISSING_COLUMN,b1c335c9,expected column b1c335
HN_5_4_253,CHAR_MISSING_COLUMN,b1c339c10,expected column b1c339
HN_5_4_253,CHAR_MISSING_COLUMN,b1c339c11,expected column b1c339
HN_5_4_253,CHAR_MISSING_COLUMN,b1c339c12,expected column b1c339
HN_5_4_253,CHAR_MISSING_COLUMN,b1c339c13,expected column b1c339
HN_5_4_253,CHAR_MISSING_COLUMN,b1c342c14,expected column b1c342
HN_5_4_253,CHAR_MISSING_COLUMN,b1c342c15,expected column b1c342
HN_5_4_253,CHAR_MISSING_COLUMN,b1c342c16,expected column b1c342
HN_5_4_253,CHAR_MISSING_COLUMN,b1c344c17,expected column b1c344
HN_5_4_253,CHAR_MISSING_COLUMN,b1c344c18,expected column b1c344
HN_5_4_253,CHAR_MISSING_COLUMN,b1c347c19,expected column b1c347
HN_5_4_253,CHAR_MISSING_COLUMN,b1c347c20,expected column b1c347
HN_5_4_253,CHAR_MISSING_COLUMN,b1c347c21,expected column b1c347
HN_5_4_253,CHAR_MISSING_COLUMN,b1c350c22,expected column b1c350
HN_5_4_253,CHAR_MISSING_COLUMN,b1c350c23,expected column b1c350
HN_5_4_253,CHAR_MISSING_COLUMN,b1c350c24,expected column b1c350
HN_5_4_253,CHAR_MISSING_COLUMN,b1c354c25,expected column b1c354
HN_5_4_253,CHAR_MISSING_COLUMN,b1c354c26,expected column b1c354
HN_5_4_253,CHAR_MISSING_COLUMN,b1c354c27,expected column b1c354
HN_5_4_253,CHAR_MISSING_COLUMN,b1c354c28,expected column b1c354
HN_5_4_253,CHAR_MISSING_COLUMN,b1c359c29,expected column b1c359
HN_5_4_253,CHAR_MISSING_COLUMN,b1c359c30,expected column b1c359
HN_5_4_253,CHAR_MISSING_COLUMN,b1c359c31,expected column b1c359
HN_5_4_253,CHAR_MISSING_COLUMN,b1c359c32,expected column b1c359
HN_5_4_253,CHAR_MISSING_COLUMN,b1c359c33,expected column b1c359
HN_5_4_253,CHAR_MISSING_COLUMN,b1c363c34,expected column b1c363
HN_5_4_253,CHAR_MISSING_COLUMN,b1c363c35,expected column b1c363
HN_5_4_253,CHAR_MISSING_COLUMN,b1c363c36,expected column b1c363
HN_5_4_253,CHAR_MISSING_COLUMN,b1c363c37,expected column b1c363
HN_5_4_253,CHAR_MISSING_COLUMN,b1c366c38,expected column b1c366
HN_5_4_253,CHAR_MISSING_COLUMN,b1c366c39,expected column b1c366
HN_5_4_253,CHAR_MISSING_COLUMN,b1c366c40,expected column b1c366
HN_5_4_253,CHAR_MISSING_COLUMN,b1c369c41,expected column b1c369
HN_5_4_253,CHAR_MISSING_COLUMN,b1c369c42,expected column b1c369
HN_5_4_253,CHAR_MISSING_COLUMN,b1c369c43,expected column b1c369
HN_5_4_253,CHAR_MISSING_COLUMN,b1c373c47,expected column b1c373
HN_5_4_253,CHAR_MISSING_COLUMN,b1c373c47,expected column b1c373
HN_5_4_253,CHAR_MISSING_COLUMN,b1c373c47,expected column b1c373
HN_5_4_253,CHAR_MISSING_COLUMN,b1c373c47,expected column b1c373
HN_5_4_253,CHAR_MISSING_COLUMN,b1c376c48,expected column b1c376
HN_5_4_253,CHAR_MISSING_COLUMN,b1c376c49,expected column b1c376
HN_5_4_253,CHAR_MISSING_COLUMN,b1c376c50,expected column b1c376
HN_5_4_253,CHAR_MISSING_COLUMN,b1c378c51,expected column b1c378
HN_5_4_253,CHAR_MISSING_COLUMN,b1c378c52,expected column b1c378
HN_5_4_253,CHAR_MISSING_COLUMN,b1c380c53,expected column b1c380
HN_5_4_253,CHAR_MISSING_COLUMN,b1c380c54,expected column b1c380
HN_5_4_253,CHAR_MISSING_COLUMN,b1c384c55,expected column b1c384
HN_5_4_253,CHAR_MISSING_COLUMN,b1c384c56,expected column b1c384
HN_5_4_253,CHAR_MISSING_COLUMN,b1c384c57,expected column b1c384
HN_5_4_253,CHAR_MISSING_COLUMN,b1c384c58,expected column b1c384
HN_5_4_253,CHAR_MISSING_COLUMN,b1c387c59,expected column b1c387
HN_5_4_253,CHAR_MISSING_COLUMN,b1c387c60,expected column b1c387
HN_5_4_253,CHAR_MISSING_COLUMN,b1c387c61,expected column b1c387
HN_5_4_253,CHAR_MISSING_COLUMN,b1c390c1,expected column b1c390
HN_5_4_253,CHAR_MISSING_COLUMN,b1c390c2,expected column b1c390
HN_5_4_253,CHAR_MISSING_COLUMN,b1c390c62,expected column b1c390
HN_5_4_253,CHAR_MISSING_COLUMN,b1c390c63,expected column b1c390
HN_5_4_253,CHAR_MISSING_COLUMN,b1c390c64,expected column b1c390
HN_5_4_253,CHAR_MISSING_COLUMN,b1c393c1,expected column b1c393
HN_5_4_253,CHAR_MISSING_COLUMN,b1c393c2,expected column b1c393
HN_5_4_253,CHAR_MISSING_COLUMN,b1c393c3,expected column b1c393
HN_5_4_253,CHAR_MISSING_COLUMN,b1c393c4,expected column b1c393
HN_5_4_253,CHAR_MISSING_COLUMN,b1c393c65,expected column b1c393
HN_5_4_253,CHAR_MISSING_COLUMN,b1c393c66,expected column b1c393
HN_5_4_253,CHAR_MISSING_COLUMN,b1c393c67,expected column b1c393
HN_5_4_253,CHAR_MISSING_COLUMN,b1c396c1,expected column b1c396
HN_5_4_253,CHAR_MISSING_COLUMN,b1c396c2,expected column b1c396
HN_5_4_253,CHAR_MISSING_COLUMN,b1c396c3,expected column b1c396
HN_5_4_253,CHAR_MISSING_COLUMN,b1c396c4,expected column b1c396
HN_5_4_253,CHAR_MISSING_COLUMN,b1c396c68,expected column b1c396
HN_5_4_253,CHAR_MISSING_COLUMN,b1c396c69,expected column b1c396
HN_5_4_253,CHAR_MISSING_COLUMN,b1c396c70,expected column b1c396
HN_5_4_253,CHAR_MISSING_COLUMN,b1c399c1,expected column b1c399
HN_5_4_253,CHAR_MISSING_COLUMN,b1c399c2,expected column b1c399
HN_5_4_253,CHAR_MISSING_COLUMN,b1c399c3,expected column b1c399
HN_5_4_253,CHAR_MISSING_COLUMN,b1c399c4,expected column b1c399
HN_5_4_253,CHAR_MISSING_COLUMN,b1c399c71,expected column b1c399
HN_5_4_253,CHAR_MISSING_COLUMN,b1c399c72,expected column b1c399
HN_5_4_253,CHAR_MISSING_COLUMN,b1c399c73,expected column b1c399
HN_5_4_253,CHAR_MISSING_COLUMN,b1c402c1,expected column b1c402
HN_5_4_253,CHAR_MISSING_COLUMN,b1c402c2,expected column b1c402
HN_5_4_253,CHAR_MISSING_COLUMN,b1c402c3,expected column b1c402
HN_5_4_253,CHAR_MISSING_COLUMN,b1c402c4,expected column b1c402
HN_5_4_253,CHAR_MISSING_COLUMN,b1c402c5,expected column b1c402
HN_5_4_253,CHAR_MISSING_COLUMN,b1c402c74,expected column b1c402
HN_5_4_253,CHAR_MISSING_COLUMN,b1c402c75,expected column b1c402
HN_5_4_253,CHAR_MISSING_COLUMN,b1c402c76,expected column b1c402
HN_5_4_253,CHAR_MISSING_COLUMN,b1c405c1,expected column b1c405
HN_5_4_253,CHAR_MISSING_COLUMN,b1c405c2,expected column b1c405
HN_5_4_253,CHAR_MISSING_COLUMN,b1c405c3,expected column b1c405
HN_5_4_253,CHAR_MISSING_COLUMN,b1c405c4,expected column b1c405
HN_5_4_253,CHAR_MISSING_COLUMN,b1c405c5,expected column b1c405
HN_5_4_253,CHAR_MISSING_COLUMN,b1c405c77,expected column b1c405
HN_5_4_253,CHAR_MISSING_COLUMN,b1c405c78,expected column b1c405
HN_5_4_253,CHAR_MISSING_COLUMN,b1c405c79,expected column b1c405
HN_5_4_253,CHAR_MISSING_COLUMN,b1c407c1,expected column b1c407
HN_5_4_253,CHAR_MISSING_COLUMN,b1c407c2,expected column b1c407
HN_5_4_253,CHAR_MISSING_COLUMN,b1c407c3,expected column b1c407
HN_5_4_253,CHAR_MISSING_COLUMN,b1c407c80,expected column b1c407
HN_5_4_253,CHAR_MISSING_COLUMN,b1c407c81,expected column b1c407
HN_5_4_253,CHAR_MISSING_COLUMN,b1c410c1,expected column b1c410
HN_5_4_253,CHAR_MISSING_COLUMN,b1c410c2,expected column b1c410
HN_5_4_253,CHAR_MISSING_COLUMN,b1c410c3,expected column b1c410
HN_5_4_253,CHAR_MISSING_COLUMN,b1c410c4,expected column b1c410
HN_5_4_253,CHAR_MISSING_COLUMN,b1c410c5,expected column b1c410
HN_5_4_253,CHAR_MISSING_COLUMN,b1c410c6,expected column b1c410
HN_5_4_253,CHAR_MISSING_COLUMN,b1c410c82,expected column b1c410
HN_5_4_253,CHAR_MISSING_COLUMN,b1c410c83,expected column b1c410
HN_5_4_253,CHAR_MISSING_COLUMN,b1c410c84,expected column b1c410
HN_5_4_253,CHAR_MISSING_COLUMN,b1c413c1,expected column b1c413
HN_5_4_253,CHAR_MISSING_COLUMN,b1c413c2,expected column b1c413
HN_5_4_253,CHAR_MISSING_COLUMN,b1c413c3,expected column b1c413
HN_5_4_253,CHAR_MISSING_COLUMN,b1c413c4,expected column b1c413
HN_5_4_253,CHAR_MISSING_COLUMN,b1c413c85,expected column b1c413
HN_5_4_253,CHAR_MISSING_COLUMN,b1c413c86,expected column b1c413
HN_5_4_253,CHAR_MISSING_COLUMN,b1c413c87,expected column b1c413
HN_5_4_253,CHAR_MISSING_COLUMN,b1c418c1,expected column b1c418
HN_5_4_253,CHAR_MISSING_COLUMN,b1c418c2,expected column b1c418
HN_5_4_253,CHAR_MISSING_COLUMN,b1c418c3,expected column b1c418
HN_5_4_253,CHAR_MISSING_COLUMN,b1c418c88,expected column b1c418
HN_5_4_253,CHAR_MISSING_COLUMN,b1c418c89,expected column b1c418
HN_5_4_253,CHAR_MISSING_COLUMN,b1c418c90,expected column b1c418
HN_5_4_253,CHAR_MISSING_COLUMN,b1c418c91,expected column b1c418
HN_5_4_253,CHAR_MISSING_COLUMN,b1c418c92,expected column b1c418
HN_5_4_253,CHAR_MISSING_COLUMN,b1c422c1,expected column b1c422
HN_5_4_253,CHAR_MISSING_COLUMN,b1c422c2,expected column b1c422
HN_5_4_253,CHAR_MISSING_COLUMN,b1c422c93,expected column b1c422
HN_5_4_253,CHAR_MISSING_COLUMN,b1c422c94,expected column b1c422
HN_5_4_253,CHAR_MISSING_COLUMN,b1c422c95,expected column b1c422
HN_5_4_253,CHAR_MISSING_COLUMN,b1c422c96,expected column b1c422
HN_5_4_253,CHAR_MISSING_COLUMN,b1c426c1,expected column b1c426
HN_5_4_253,CHAR_MISSING_COLUMN,b1c426c2,expected column b1c426
HN_5_4_253,CHAR_MISSING_COLUMN,b1c426c3,expected column b1c426
HN_5_4_253,CHAR_MISSING_COLUMN,b1c426c4,expected column b1c426
HN_5_4_253,CHAR_MISSING_COLUMN,b1c426c97,expected column b1c426
HN_5_4_253,CHAR_MISSING_COLUMN,b1c426c98,expected column b1c426
HN_5_4_253,CHAR_MISSING_COLUMN,b1c426c99,expected column b1c426
HN_5_4_253,CHAR_MISSING_COLUMN,b1c426c100,expected column b1c426
HN_5_4_253,CHAR_MISSING_COLUMN,b1c429c1,expected column b1c429
HN_5_4_253,CHAR_MISSING_COLUMN,b1c429c2,expected column b1c429
HN_5_4_253,CHAR_MISSING_COLUMN,b1c429c101,expected column b1c429
HN_5_4_253,CHAR_MISSING_COLUMN,b1c429c102,expected column b1c429
HN_5_4_253,CHAR_MISSING_COLUMN,b1c429c103,expected column b1c429
HN_5_4_253,CHAR_MISSING_COLUMN,b1c432c1,expected column b1c432
HN_5_4_253,CHAR_MISSING_COLUMN,b1c432c2,expected column b1c432
HN_5_4_253,CHAR_MISSING_COLUMN,b1c432c3,expected column b1c432
HN_5_4_253,CHAR_MISSING_COLUMN,b1c432c4,expected column b1c432
HN_5_4_253,CHAR_MISSING_COLUMN,b1c432c104,expected column b1c432
HN_5_4_253,CHAR_MISSING_COLUMN,b1c432c105,expected column b1c432
HN_5_4_253,CHAR_MISSING_COLUMN,b1c432c106,expected column b1c432
HN_5_4_253,CHAR_MISSING_COLUMN,b1c435c1,expected column b1c435
HN_5_4_253,CHAR_MISSING_COLUMN,b1c435c2,expected column b1c435
HN_5_4_253,CHAR_MISSING_COLUMN,b1c435c3,expected column b1c435
HN_5_4_253,CHAR_MISSING_COLUMN,b1c435c107,expected column b1c435
HN_5_4_253,CHAR_MISSING_COLUMN,b1c435c108,expected column b1c435
HN_5_4_253,CHAR_MISSING_COLUMN,b1c435c109,expected column b1c435
HN_5_4_253,CHAR_MISSING_COLUMN,b1c439c1,expected column b1c439
HN_5_4_253,CHAR_MISSING_COLUMN,b1c439c2,expected column b1c439
HN_5_4_253,CHAR_MISSING_COLUMN,b1c439c3,expected column b1c439
HN_5_4_253,CHAR_MISSING_COLUMN,b1c439c110,expected column b1c439
HN_5_4_253,CHAR_MISSING_COLUMN,b1c439c111,expected column b1c439
HN_5_4_253,CHAR_MISSING_COLUMN,b1c439c112,expected column b1c439
HN_5_4_253,CHAR_MISSING_COLUMN,b1c439c113,expected column b1c439
HN_5_4_253,CHAR_MISSING_COLUMN,b1c442c1,expected column b1c442
HN_5_4_253,CHAR_MISSING_COLUMN,b1c442c2,expected column b1c442
HN_5_4_253,CHAR_MISSING_COLUMN,b1c442c3,expected column b1c442
HN_5_4_253,CHAR_MISSING_COLUMN,b1c442c4,expected column b1c442
HN_5_4_253,CHAR_MISSING_COLUMN,b1c442c5,expected column b1c442
HN_5_4_253,CHAR_MISSING_COLUMN,b1c442c114,expected column b1c442
HN_5_4_253,CHAR_MISSING_COLUMN,b1c442c115,expected column b1c442
HN_5_4_253,CHAR_MISSING_COLUMN,b1c442c116,expected column b1c442
HN_5_4_253,CHAR_MISSING_COLUMN,b1c445c1,expected column b1c445
HN_5_4_253,CHAR_MISSING_COLUMN,b1c445c2,expected column b1c445
HN_5_4_253,CHAR_MISSING_COLUMN,b1c445c3,expected column b1c445
HN_5_4_253,CHAR_MISSING_COLUMN,b1c445c4,expected column b1c445
HN_5_4_253,CHAR_MISSING_COLUMN,b1c445c5,expected column b1c445
HN_5_4_253,CHAR_MISSING_COLUMN,b1c445c6,expected column b1c445
HN_5_4_253,CHAR_MISSING_COLUMN,b1c445c117,expected column b1c445
HN_5_4_253,CHAR_MISSING_COLUMN,b1c445c118,expected column b1c445
HN_5_4_253,CHAR_MISSING_COLUMN,b1c445c119,expected column b1c445
HN_5_4_253,CHAR_MISSING_COLUMN,b1c448c1,expected column b1c448
HN_5_4_253,CHAR_MISSING_COLUMN,b1c448c2,expected column b1c448
HN_5_4_253,CHAR_MISSING_COLUMN,b1c448c3,expected column b1c448
HN_5_4_253,CHAR_MISSING_COLUMN,b1c448c4,expected column b1c448
HN_5_4_253,CHAR_MISSING_COLUMN,b1c448c5,expected column b1c448
HN_5_4_253,CHAR_MISSING_COLUMN,b1c448c6,expected column b1c448
HN_5_4_253,CHAR_MISSING_COLUMN,b1c448c7,expected column b1c448
HN_5_4_253,CHAR_MISSING_COLUMN,b1c448c120,expected column b1c448
HN_5_4_253,CHAR_MISSING_COLUMN,b1c448c121,expected column b1c448
HN_5_4_253,CHAR_MISSING_COLUMN,b1c448c122,expected column b1c448
HN_5_4_253,CHAR_MISSING_COLUMN,b1c451c1,expected column b1c451
HN_5_4_253,CHAR_MISSING_COLUMN,b1c451c2,expected column b1c451
HN_5_4_253,CHAR_MISSING_COLUMN,b1c451c3,expected column b1c451
HN_5_4_253,CHAR_MISSING_COLUMN,b1c451c4,expected column b1c451
HN_5_4_253,CHAR_MISSING_COLUMN,b1c451c123,expected column b1c451
HN_5_4_253,CHAR_MISSING_COLUMN,b1c451c124,expected column b1c451
HN_5_4_253,CHAR_MISSING_COLUMN,b1c451c125,expected column b1c451
HN_5_4_253,CHAR_MISSING_COLUMN,b1c455c134,expected column b1c455
HN_5_4_253,CHAR_MISSING_COLUMN,b1c455c134,expected column b1c455
HN_5_4_253,CHAR_MISSING_COLUMN,b1c455c134,expected column b1c455
HN_5_4_253,CHAR_MISSING_COLUMN,b1c455c134,expected column b1c455
HN_5_4_253,CHAR_MISSING_COLUMN,b1c455c134,expected column b1c455
HN_5_4_253,CHAR_MISSING_COLUMN,b1c455c134,expected column b1c455
HN_5_4_253,CHAR_MISSING_COLUMN,b1c462c133,expected column b1c462
HN_5_4_253,CHAR_MISSING_COLUMN,b1c462c133,expected column b1c462
HN_5_4_253,CHAR_MISSING_COLUMN,b1c462c133,expected column b1c462
HN_5_4_253,CHAR_MISSING_COLUMN,b1c462c133,expected column b1c462
HN_5_4_253,CHAR_MISSING_COLUMN,b1c462c133,expected column b1c462
HN_5_4_253,CHAR_MISSING_COLUMN,b1c462c133,expected column b1c462
HN_5_4_253,CHAR_MISSING_COLUMN,b1c462c133,expected column b1c462
HN_5_4_253,CHAR_MISSING_COLUMN,b1c462c133,expected column b1c462
HN_5_4_253,CHAR_MISSING_COLUMN,b1c462c133,expected column b1c462
HN_5_4_253,CHAR_MISSING_COLUMN,b1c462c133,expected column b1c462
HN_5_4_253,CHAR_MISSING_COLUMN,b1c462c133,expected column b1c462
HN_5_4_253,CHAR_MISSING_COLUMN,b1c469c1,expected column b1c469
HN_5_4_253,CHAR_MISSING_COLUMN,b1c469c2,expected column b1c469
HN_5_4_253,CHAR_MISSING_COLUMN,b1c469c3,expected column b1c469
HN_5_4_253,CHAR_MISSING_COLUMN,b1c469c137,expected column b1c469
HN_5_4_253,CHAR_MISSING_COLUMN,b1c469c138,expected column b1c469
HN_5_4_253,CHAR_MISSING_COLUMN,b1c469c139,expected column b1c469
HN_5_4_253,CHAR_MISSING_COLUMN,b1c469c140,expected column b1c469
HN_5_4_253,CHAR_MISSING_COLUMN,b1c469c141,expected column b1c469
HN_5_4_253,CHAR_MISSING_COLUMN,b1c469c142,expected column b1c469
HN_5_4_253,CHAR_MISSING_COLUMN,b1c469c143,expected column b1c469
HN_5_4_253,CHAR_MISSING_COLUMN,b2c84c452,expected column b2c84
HN_5_4_253,CHAR_MISSING_COLUMN,b2c84c453,expected column b2c84
HN_5_4_253,CHAR_MISSING_COLUMN,b2c84c454,expected column b2c84
HN_5_4_253,CHAR_MISSING_COLUMN,b2c84c455,expected column b2c84
HN_5_4_253,CHAR_MISSING_COLUMN,b2c84c456,expected column b2c84
HN_5_4_253,CHAR_MISSING_COLUMN,b2c84c457,expected column b2c84
HN_5_4_253,CHAR_MISSING_COLUMN,b2c84c458,expected column b2c84
HN_5_4_253,CHAR_MISSING_COLUMN,b2c84c459,expected column b2c84
HN_5_4_253,CHAR_MISSING_COLUMN,b2c84c460,expected column b2c84
HN_5_4_253,CHAR_MISSING_COLUMN,b2c84c461,expected column b2c84
HN_5_4_253,CHAR_MISSING_COLUMN,b2c84c462,expected column b2c84
HN_5_4_253,CHAR_MISSING_COLUMN,b2c84c463,expected column b2c84
HN_5_4_253,CHAR_MISSING_COLUMN,b2c84c464,expected column b2c84
HN_5_4_253,CHAR_MISSING_COLUMN,b2c84c465,expected column b2c84
HN_5_4_253,CHAR_MISSING_COLUMN,b2c84c466,expected column b2c84
HN_5_4_253,CHAR_MISSING_COLUMN,b2c84c467,expected column b2c84
HN_5_4_253,CHAR_MISSING_COLUMN,b2c84c468,expected column b2c84
HN_5_4_253,CHAR_MISSING_COLUMN,b2c84c469,expected column b2c84
HN_5_4_253,CHAR_MISSING_COLUMN,b2c84c470,expected column b2c84
HN_5_4_253,CHAR_MISSING_COLUMN,b2c84c471,expected column b2c84
HN_5_4_253,CHAR_MISSING_COLUMN,b2c84c472,expected column b2c84
HN_5_4_253,CHAR_MISSING_COLUMN,b2c84c473,expected column b2c84
HN_5_4_253,CHAR_MISSING_COLUMN,b2c84c474,expected column b2c84
HN_5_4_253,CHAR_MISSING_COLUMN,b2c84c475,expected column b2c84
HN_5_4_253,CHAR_MISSING_COLUMN,b2c84c476,expected column b2c84
HN_5_4_253,CHAR_MISSING_COLUMN,b2c84c477,expected column b2c84
HN_5_4_253,CHAR_MISSING_COLUMN,b2c84c478,expected column b2c84
HN_5_4_253,CHAR_MISSING_COLUMN,b2c84c479,expected column b2c84
HN_5_4_253,CHAR_MISSING_COLUMN,b2c84c480,expected column b2c84
HN_5_4_253,CHAR_MISSING_COLUMN,b2c92c2,expected column b2c92
HN_5_4_253,CHAR_MISSING_COLUMN,b2c92c3,expected column b2c92
HN_5_4_253,CHAR_MISSING_COLUMN,b2c92c4,expected column b2c92
HN_5_4_253,CHAR_MISSING_COLUMN,b2c92c5,expected column b2c92
HN_5_4_253,CHAR_MISSING_COLUMN,b2c92c6,expected column b2c92
HN_5_4_253,CHAR_MISSING_COLUMN,b2c92c7,expected column b2c92
HN_5_4_253,CHAR_MISSING_COLUMN,b2c92c8,expected column b2c92
HN_5_4_253,CHAR_MISSING_COLUMN,b2c92c8,expected column b2c92
HN_5_4_253,CHAR_MISSING_COLUMN,b2c92c9,expected column b2c92
HN_5_4_253,CHAR_MISSING_COLUMN,b2c501c144,expected column b2c501
HN_5_4_253,CHAR_MISSING_COLUMN,b2c501c145,expected column b2c501
HN_5_4_253,CHAR_MISSING_COLUMN,b2c501c146,expected column b2c501
HN_5_4_253,CHAR_MISSING_COLUMN,b2c501c147,expected column b2c501
HN_5_4_253,CHAR_MISSING_COLUMN,b2c501c148,expected column b2c501
HN_5_4_253,CHAR_MISSING_COLUMN,b2c501c149,expected column b2c501
HN_5_4_253,CHAR_MISSING_COLUMN,b2c501c150,expected column b2c501
HN_5_4_253,CHAR_MISSING_COLUMN,b2c501c151,expected column b2c501
HN_5_4_253,CHAR_MISSING_COLUMN,b2c501c152,expected column b2c501
HN_5_4_253,CHAR_MISSING_COLUMN,b2c501c153,expected column b2c501
HN_5_4_253,CHAR_MISSING_COLUMN,b2c501c154,expected column b2c501
HN_5_4_253,CHAR_MISSING_COLUMN,b2c501c155,expected column b2c501
HN_5_4_253,CHAR_MISSING_COLUMN,b2c501c156,expected column b2c501
HN_5_4_253,CHAR_MISSING_COLUMN,b2c501c157,expected column b2c501
HN_5_4_253,CHAR_MISSING_COLUMN,b2c501c158,expected column b2c501
HN_5_4_253,CHAR_MISSING_COLUMN,b2c501c159,expected column b2c501
HN_5_4_253,CHAR_MISSING_COLUMN,b2c501c160,expected column b2c501
HN_5_4_253,CHAR_MISSING_COLUMN,b2c501c161,expected column b2c501
HN_5_4_253,CHAR_MISSING_COLUMN,b2c501c162,expected column b2c501
HN_5_4_253,CHAR_MISSING_COLUMN,b2c501c163,expected column b2c501
HN_5_4_253,CHAR_MISSING_COLUMN,b2c501c164,expected column b2c501
HN_5_4_253,CHAR_MISSING_COLUMN,b2c501c165,expected column b2c501
HN_5_4_253,CHAR_MISSING_COLUMN,b2c501c166,expected column b2c501
HN_5_4_253,CHAR_MISSING_COLUMN,b2c501c167,expected column b2c501
HN_5_4_253,CHAR_MISSING_COLUMN,b2c501c168,expected column b2c501
HN_5_4_253,CHAR_MISSING_COLUMN,b2c501c169,expected column b2c501
HN_5_4_253,CHAR_MISSING_COLUMN,b2c501c170,expected column b2c501
HN_5_4_253,CHAR_MISSING_COLUMN,b2c501c171,expected column b2c501
HN_5_4_253,CHAR_MISSING_COLUMN,b2c501c172,expected column b2c501
HN_5_4_253,CHAR_MISSING_COLUMN,b2c501c173,expected column b2c501
HN_5_4_253,CHAR_MISSING_COLUMN,b2c501c174,expected column b2c501
HN_5_4_253,CHAR_MISSING_COLUMN,b2c501c175,expected column b2c501
HN_5_4_253,CHAR_MISSING_COLUMN,b2c536c176,expected column b2c536
HN_5_4_253,CHAR_MISSING_COLUMN,b2c536c177,expected column b2c536
HN_5_4_253,CHAR_MISSING_COLUMN,b2c536c178,expected column b2c536
HN_5_4_253,CHAR_MISSING_COLUMN,b2c536c179,expected column b2c536
HN_5_4_253,CHAR_MISSING_COLUMN,b2c536c180,expected column b2c536
HN_5_4_253,CHAR_MISSING_COLUMN,b2c536c181,expected column b2c536
HN_5_4_253,CHAR_MISSING_COLUMN,b2c536c182,expected column b2c536
HN_5_4_253,CHAR_MISSING_COLUMN,b2c536c183,expected column b2c536
HN_5_4_253,CHAR_MISSING_COLUMN,b2c536c184,expected column b2c536
HN_5_4_253,CHAR_MISSING_COLUMN,b2c536c185,expected column b2c536
HN_5_4_253,CHAR_MISSING_COLUMN,b2c536c186,expected column b2c536
HN_5_4_253,CHAR_MISSING_COLUMN,b2c536c187,expected column b2c536
HN_5_4_253,CHAR_MISSING_COLUMN,b2c536c188,expected column b2c536
HN_5_4_253,CHAR_MISSING_COLUMN,b2c536c189,expected column b2c536
HN_5_4_253,CHAR_MISSING_COLUMN,b2c536c190,expected column b2c536
HN_5_4_253,CHAR_MISSING_COLUMN,b2c536c191,expected column b2c536
HN_5_4_253,CHAR_MISSING_COLUMN,b2c536c192,expected column b2c536
HN_5_4_253,CHAR_MISSING_COLUMN,b2c536c193,expected column b2c536
HN_5_4_253,CHAR_MISSING_COLUMN,b2c536c194,expected column b2c536
HN_5_4_253,CHAR_MISSING_COLUMN,b2c536c195,expected column b2c536
HN_5_4_253,CHAR_MISSING_COLUMN,b2c536c196,expected column b2c536
HN_5_4_253,CHAR_MISSING_COLUMN,b2c536c197,expected column b2c536
HN_5_4_253,CHAR_MISSING_COLUMN,b2c536c198,expected column b2c536
HN_5_4_253,CHAR_MISSING_COLUMN,b2c536c199,expected column b2c536
HN_5_4_253,CHAR_MISSING_COLUMN,b2c536c200,expected column b2c536
HN_5_4_253,CHAR_MISSING_COLUMN,b2c536c201,expected column b2c536
HN_5_4_253,CHAR_MISSING_COLUMN,b2c536c202,expected column b2c536
HN_5_4_253,CHAR_MISSING_COLUMN,b2c536c203,expected column b2c536
HN_5_4_253,CHAR_MISSING_COLUMN,b2c536c204,expected column b2c536
HN_5_4_253,CHAR_MISSING_COLUMN,b2c536c205,expected column b2c536
HN_5_4_253,CHAR_MISSING_COLUMN,b2c536c206,expected column b2c536
HN_5_4_253,CHAR_MISSING_COLUMN,b2c536c207,expected column b2c536
HN_5_4_253,CHAR_MISSING_COLUMN,b2c536c208,expected column b2c536
HN_5_4_253,CHAR_MISSING_COLUMN,b2c536c209,expected column b2c536
HN_5_4_253,CHAR_MISSING_COLUMN,b2c536c210,expected column b2c536
HN_5_4_253,CHAR_MISSING_COLUMN,b2c551c211,expected column b2c551
HN_5_4_253,CHAR_MISSING_COLUMN,b2c551c212,expected column b2c551
HN_5_4_253,CHAR_MISSING_COLUMN,b2c551c213,expected column b2c551
HN_5_4_253,CHAR_MISSING_COLUMN,b2c551c214,expected column b2c551
HN_5_4_253,CHAR_MISSING_COLUMN,b2c551c215,expected column b2c551
HN_5_4_253,CHAR_MISSING_COLUMN,b2c551c216,expected column b2c551
HN_5_4_253,CHAR_MISSING_COLUMN,b2c551c217,expected column b2c551
HN_5_4_253,CHAR_MISSING_COLUMN,b2c551c218,expected column b2c551
HN_5_4_253,CHAR_MISSING_COLUMN,b2c551c219,expected column b2c551
HN_5_4_253,CHAR_MISSING_COLUMN,b2c551c220,expected column b2c551
HN_5_4_253,CHAR_MISSING_COLUMN,b2c551c221,expected column b2c551
HN_5_4_253,CHAR_MISSING_COLUMN,b2c551c222,expected column b2c551
HN_5_4_253,CHAR_MISSING_COLUMN,b2c551c223,expected column b2c551
HN_5_4_253,CHAR_MISSING_COLUMN,b2c551c224,expected column b2c551
HN_5_4_253,CHAR_MISSING_COLUMN,b2c551c225,expected column b2c551
HN_5_4_253,CHAR_MISSING_COLUMN,b2c556c226,expected column b2c556
HN_5_4_253,CHAR_MISSING_COLUMN,b2c556c227,expected column b2c556
HN_5_4_253,CHAR_MISSING_COLUMN,b2c556c228,expected column b2c556
HN_5_4_253,CHAR_MISSING_COLUMN,b2c556c229,expected column b2c556
HN_5_4_253,CHAR_MISSING_COLUMN,b2c556c230,expected column b2c556
HN_5_4_253,CHAR_MISSING_COLUMN,b2c585c235,expected column b2c585
HN_5_4_253,CHAR_MISSING_COLUMN,b2c585c236,expected column b2c585
HN_5_4_253,CHAR_MISSING_COLUMN,b2c585c237,expected column b2c585
HN_5_4_253,CHAR_MISSING_COLUMN,b2c585c238,expected column b2c585
HN_5_4_253,CHAR_MISSING_COLUMN,b2c585c239,expected column b2c585
HN_5_4_253,CHAR_MISSING_COLUMN,b2c585c240,expected column b2c585
HN_5_4_253,CHAR_MISSING_COLUMN,b2c585c241,expected column b2c585
HN_5_4_253,CHAR_MISSING_COLUMN,b2c585c242,expected column b2c585
HN_5_4_253,CHAR_MISSING_COLUMN,b2c585c243,expected column b2c585
HN_5_4_253,CHAR_MISSING_COLUMN,b2c585c244,expected column b2c585
HN_5_4_253,CHAR_MISSING_COLUMN,b2c585c245,expected column b2c585
HN_5_4_253,CHAR_MISSING_COLUMN,b2c585c246,expected column b2c585
HN_5_4_253,CHAR_MISSING_COLUMN,b2c585c247,expected column b2c585
HN_5_4_253,CHAR_MISSING_COLUMN,b2c585c248,expected column b2c585
HN_5_4_253,CHAR_MISSING_COLUMN,b2c585c249,expected column b2c585
HN_5_4_253,CHAR_MISSING_COLUMN,b2c585c250,expected column b2c585
HN_5_4_253,CHAR_MISSING_COLUMN,b2c585c251,expected column b2c585
HN_5_4_253,CHAR_MISSING_COLUMN,b2c585c252,expected column b2c585
HN_5_4_253,CHAR_MISSING_COLUMN,b2c585c253,expected column b2c585
HN_5_4_253,CHAR_MISSING_COLUMN,b2c585c254,expected column b2c585
HN_5_4_253,CHAR_MISSING_COLUMN,b2c585c255,expected column b2c585
HN_5_4_253,CHAR_MISSING_COLUMN,b2c585c256,expected column b2c585
HN_5_4_253,CHAR_MISSING_COLUMN,b2c585c257,expected column b2c585
HN_5_4_253,CHAR_MISSING_COLUMN,b2c585c258,expected column b2c585
HN_5_4_253,CHAR_MISSING_COLUMN,b2c585c259,expected column b2c585
HN_5_4_253,CHAR_MISSING_COLUMN,b2c598c260,expected column b2c598
HN_5_4_253,CHAR_MISSING_COLUMN,b2c598c261,expected column b2c598
HN_5_4_253,CHAR_MISSING_COLUMN,b2c598c262,expected column b2c598
HN_5_4_253,CHAR_MISSING_COLUMN,b2c598c263,expected column b2c598
HN_5_4_253,CHAR_MISSING_COLUMN,b2c598c264,expected column b2c598
HN_5_4_253,CHAR_MISSING_COLUMN,b2c598c265,expected column b2c598
HN_5_4_253,CHAR_MISSING_COLUMN,b2c598c266,expected column b2c598
HN_5_4_253,CHAR_MISSING_COLUMN,b2c598c267,expected column b2c598
HN_5_4_253,CHAR_MISSING_COLUMN,b2c598c268,expected column b2c598
HN_5_4_253,CHAR_MISSING_COLUMN,b2c598c269,expected column b2c598
HN_5_4_253,CHAR_MISSING_COLUMN,b2c598c270,expected column b2c598
HN_5_4_253,CHAR_MISSING_COLUMN,b2c598c271,expected column b2c598
HN_5_4_253,CHAR_MISSING_COLUMN,b2c598c272,expected column b2c598
HN_5_4_253,CHAR_MISSING_COLUMN,b2c609c273,expected column b2c609
HN_5_4_253,CHAR_MISSING_COLUMN,b2c609c274,expected column b2c609
HN_5_4_253,CHAR_MISSING_COLUMN,b2c609c275,expected column b2c609
HN_5_4_253,CHAR_MISSING_COLUMN,b2c609c276,expected column b2c609
HN_5_4_253,CHAR_MISSING_COLUMN,b2c609c277,expected column b2c609
HN_5_4_253,CHAR_MISSING_COLUMN,b2c609c278,expected column b2c609
HN_5_4_253,CHAR_MISSING_COLUMN,b2c609c279,expected column b2c609
HN_5_4_253,CHAR_MISSING_COLUMN,b2c609c280,expected column b2c609
HN_5_4_253,CHAR_MISSING_COLUMN,b2c609c281,expected column b2c609
HN_5_4_253,CHAR_MISSING_COLUMN,b2c609c282,expected column b2c609
HN_5_4_253,CHAR_MISSING_COLUMN,b2c609c283,expected column b2c609
HN_5_4_253,CHAR_MISSING_COLUMN,b2c634c284,expected column b2c634
HN_5_4_253,CHAR_MISSING_COLUMN,b2c634c285,expected column b2c634
HN_5_4_253,CHAR_MISSING_COLUMN,b2c634c286,expected column b2c634
HN_5_4_253,CHAR_MISSING_COLUMN,b2c634c287,expected column b2c634
HN_5_4_253,CHAR_MISSING_COLUMN,b2c634c288,expected column b2c634
HN_5_4_253,CHAR_MISSING_COLUMN,b2c634c289,expected column b2c634
HN_5_4_253,CHAR_MISSING_COLUMN,b2c634c290,expected column b2c634
HN_5_4_253,CHAR_MISSING_COLUMN,b2c634c291,expected column b2c634
HN_5_4_253,CHAR_MISSING_COLUMN,b2c634c292,expected column b2c634
HN_5_4_253,CHAR_MISSING_COLUMN,b2c634c293,expected column b2c634
HN_5_4_253,CHAR_MISSING_COLUMN,b2c634c294,expected column b2c634
HN_5_4_253,CHAR_MISSING_COLUMN,b2c634c295,expected column b2c634
HN_5_4_253,CHAR_MISSING_COLUMN,b2c634c296,expected column b2c634
HN_5_4_253,CHAR_MISSING_COLUMN,b2c634c297,expected column b2c634
HN_5_4_253,CHAR_MISSING_COLUMN,b2c634c298,expected column b2c634
HN_5_4_253,CHAR_MISSING_COLUMN,b2c634c299,expected column b2c634
HN_5_4_253,CHAR_MISSING_COLUMN,b2c634c300,expected column b2c634
HN_5_4_253,CHAR_MISSING_COLUMN,b2c634c301,expected column b2c634
HN_5_4_253,CHAR_MISSING_COLUMN,b2c634c302,expected column b2c634
HN_5_4_253,CHAR_MISSING_COLUMN,b2c634c303,expected column b2c634
HN_5_4_253,CHAR_MISSING_COLUMN,b2c634c304,expected column b2c634
HN_5_4_253,CHAR_MISSING_COLUMN,b2c634c305,expected column b2c634
HN_5_4_253,CHAR_MISSING_COLUMN,b2c634c306,expected column b2c634
HN_5_4_253,CHAR_MISSING_COLUMN,b2c634c307,expected column b2c634
HN_5_4_253,CHAR_MISSING_COLUMN,b2c634c308,expected column b2c634
HN_5_4_253,CHAR_MISSING_COLUMN,b2c642c309,expected column b2c642
HN_5_4_253,CHAR_MISSING_COLUMN,b2c642c310,expected column b2c642
HN_5_4_253,CHAR_MISSING_COLUMN,b2c642c311,expected column b2c642
HN_5_4_253,CHAR_MISSING_COLUMN,b2c642c312,expected column b2c642
HN_5_4_253,CHAR_MISSING_COLUMN,b2c642c313,expected column b2c642
HN_5_4_253,CHAR_MISSING_COLUMN,b2c642c314,expected column b2c642
HN_5_4_253,CHAR_MISSING_COLUMN,b2c642c315,expected column b2c642
HN_5_4_253,CHAR_MISSING_COLUMN,b2c642c316,expected column b2c642
HN_5_4_253,CHAR_MISSING_COLUMN,b2c659c317,expected column b2c659
HN_5_4_253,CHAR_MISSING_COLUMN,b2c659c318,expected column b2c659
HN_5_4_253,CHAR_MISSING_COLUMN,b2c659c319,expected column b2c659
HN_5_4_253,CHAR_MISSING_COLUMN,b2c659c320,expected column b2c659
HN_5_4_253,CHAR_MISSING_COLUMN,b2c659c321,expected column b2c659
HN_5_4_253,CHAR_MISSING_COLUMN,b2c659c322,expected column b2c659
HN_5_4_253,CHAR_MISSING_COLUMN,b2c659c323,expected column b2c659
HN_5_4_253,CHAR_MISSING_COLUMN,b2c659c324,expected column b2c659
HN_5_4_253,CHAR_MISSING_COLUMN,b2c659c325,expected column b2c659
HN_5_4_253,CHAR_MISSING_COLUMN,b2c659c326,expected column b2c659
HN_5_4_253,CHAR_MISSING_COLUMN,b2c659c327,expected column b2c659
HN_5_4_253,CHAR_MISSING_COLUMN,b2c659c328,expected column b2c659
HN_5_4_253,CHAR_MISSING_COLUMN,b2c659c329,expected column b2c659
HN_5_4_253,CHAR_MISSING_COLUMN,b2c659c330,expected column b2c659
HN_5_4_253,CHAR_MISSING_COLUMN,b2c659c331,expected column b2c659
HN_5_4_253,CHAR_MISSING_COLUMN,b2c659c332,expected column b2c659
HN_5_4_253,CHAR_MISSING_COLUMN,b2c659c333,expected column b2c659
HN_5_4_253,CHAR_MISSING_COLUMN,b2c676c334,expected column b2c676
HN_5_4_253,CHAR_MISSING_COLUMN,b2c676c335,expected column b2c676
HN_5_4_253,CHAR_MISSING_COLUMN,b2c676c336,expected column b2c676
HN_5_4_253,CHAR_MISSING_COLUMN,b2c676c337,expected column b2c676
HN_5_4_253,CHAR_MISSING_COLUMN,b2c676c338,expected column b2c676
HN_5_4_253,CHAR_MISSING_COLUMN,b2c676c339,expected column b2c676
HN_5_4_253,CHAR_MISSING_COLUMN,b2c676c340,expected column b2c676
HN_5_4_253,CHAR_MISSING_COLUMN,b2c676c341,expected column b2c676
HN_5_4_253,CHAR_MISSING_COLUMN,b2c676c342,expected column b2c676
HN_5_4_253,CHAR_MISSING_COLUMN,b2c676c343,expected column b2c676
HN_5_4_253,CHAR_MISSING_COLUMN,b2c676c344,expected column b2c676
HN_5_4_253,CHAR_MISSING_COLUMN,b2c676c345,expected column b2c676
HN_5_4_253,CHAR_MISSING_COLUMN,b2c676c346,expected column b2c676
HN_5_4_253,CHAR_MISSING_COLUMN,b2c676c347,expected column b2c676
HN_5_4_253,CHAR_MISSING_COLUMN,b2c676c348,expected column b2c676
HN_5_4_253,CHAR_MISSING_COLUMN,b2c676c349,expected column b2c676
HN_5_4_253,CHAR_MISSING_COLUMN,b2c676c350,expected column b2c676
HN_5_4_253,CHAR_MISSING_COLUMN,b2c695c351,expected column b2c695
HN_5_4_253,CHAR_MISSING_COLUMN,b2c695c352,expected column b2c695
HN_5_4_253,CHAR_MISSING_COLUMN,b2c695c353,expected column b2c695
HN_5_4_253,CHAR_MISSING_COLUMN,b2c695c354,expected column b2c695
HN_5_4_253,CHAR_MISSING_COLUMN,b2c695c355,expected column b2c695
HN_5_4_253,CHAR_MISSING_COLUMN,b2c695c356,expected column b2c695
HN_5_4_253,CHAR_MISSING_COLUMN,b2c695c357,expected column b2c695
HN_5_4_253,CHAR_MISSING_COLUMN,b2c695c358,expected column b2c695
HN_5_4_253,CHAR_MISSING_COLUMN,b2c695c359,expected column b2c695
HN_5_4_253,CHAR_MISSING_COLUMN,b2c695c360,expected column b2c695
HN_5_4_253,CHAR_MISSING_COLUMN,b2c695c361,expected column b2c695
HN_5_4_253,CHAR_MISSING_COLUMN,b2c695c362,expected column b2c695
HN_5_4_253,CHAR_MISSING_COLUMN,b2c695c363,expected column b2c695
HN_5_4_253,CHAR_MISSING_COLUMN,b2c695c364,expected column b2c695
HN_5_4_253,CHAR_MISSING_COLUMN,b2c695c365,expected column b2c695
HN_5_4_253,CHAR_MISSING_COLUMN,b2c695c366,expected column b2c695
HN_5_4_253,CHAR_MISSING_COLUMN,b2c695c367,expected column b2c695
HN_5_4_253,CHAR_MISSING_COLUMN,b2c695c368,expected column b2c695
HN_5_4_253,CHAR_MISSING_COLUMN,b2c695c369,expected column b2c695
HN_5_4_253,CHAR_MISSING_COLUMN,b2c704c370,expected column b2c704
HN_5_4_253,CHAR_MISSING_COLUMN,b2c704c371,expected column b2c704
HN_5_4_253,CHAR_MISSING_COLUMN,b2c704c372,expected column b2c704
HN_5_4_253,CHAR_MISSING_COLUMN,b2c704c373,expected column b2c704
HN_5_4_253,CHAR_MISSING_COLUMN,b2c704c374,expected column b2c704
HN_5_4_253,CHAR_MISSING_COLUMN,b2c704c375,expected column b2c704
HN_5_4_253,CHAR_MISSING_COLUMN,b2c704c376,expected column b2c704
HN_5_4_253,CHAR_MISSING_COLUMN,b2c704c377,expected column b2c704
HN_5_4_253,CHAR_MISSING_COLUMN,b2c704c378,expected column b2c704
HN_5_4_253,CHAR_MISSING_COLUMN,b2c715c379,expected column b2c715
HN_5_4_253,CHAR_MISSING_COLUMN,b2c715c380,expected column b2c715
HN_5_4_253,CHAR_MISSING_COLUMN,b2c715c381,expected column b2c715
HN_5_4_253,CHAR_MISSING_COLUMN,b2c715c382,expected column b2c715
HN_5_4_253,CHAR_MISSING_COLUMN,b2c715c383,expected column b2c715
HN_5_4_253,CHAR_MISSING_COLUMN,b2c715c384,expected column b2c715
HN_5_4_253,CHAR_MISSING_COLUMN,b2c715c385,expected column b2c715
HN_5_4_253,CHAR_MISSING_COLUMN,b2c715c386,expected column b2c715
HN_5_4_253,CHAR_MISSING_COLUMN,b2c715c387,expected column b2c715
HN_5_4_253,CHAR_MISSING_COLUMN,b2c715c388,expected column b2c715
HN_5_4_253,CHAR_MISSING_COLUMN,b2c715c389,expected column b2c715
HN_5_4_253,CHAR_MISSING_COLUMN,b2c736c390,expected column b2c736
HN_5_4_253,CHAR_MISSING_COLUMN,b2c736c391,expected column b2c736
HN_5_4_253,CHAR_MISSING_COLUMN,b2c736c392,expected column b2c736
HN_5_4_253,CHAR_MISSING_COLUMN,b2c736c393,expected column b2c736
HN_5_4_253,CHAR_MISSING_COLUMN,b2c736c394,expected column b2c736
HN_5_4_253,CHAR_MISSING_COLUMN,b2c736c395,expected column b2c736
HN_5_4_253,CHAR_MISSING_COLUMN,b2c736c396,expected column b2c736
HN_5_4_253,CHAR_MISSING_COLUMN,b2c736c397,expected column b2c736
HN_5_4_253,CHAR_MISSING_COLUMN,b2c736c398,expected column b2c736
HN_5_4_253,CHAR_MISSING_COLUMN,b2c736c399,expected column b2c736
HN_5_4_253,CHAR_MISSING_COLUMN,b2c736c400,expected column b2c736
HN_5_4_253,CHAR_MISSING_COLUMN,b2c736c401,expected column b2c736
HN_5_4_253,CHAR_MISSING_COLUMN,b2c736c402,expected column b2c736
HN_5_4_253,CHAR_MISSING_COLUMN,b2c736c403,expected column b2c736
HN_5_4_253,CHAR_MISSING_COLUMN,b2c736c404,expected column b2c736
HN_5_4_253,CHAR_MISSING_COLUMN,b2c736c405,expected column b2c736
HN_5_4_253,CHAR_MISSING_COLUMN,b2c736c406,expected column b2c736
HN_5_4_253,CHAR_MISSING_COLUMN,b2c736c407,expected column b2c736
HN_5_4_253,CHAR_MISSING_COLUMN,b2c736c408,expected column b2c736
HN_5_4_253,CHAR_MISSING_COLUMN,b2c736c409,expected column b2c736
HN_5_4_253,CHAR_MISSING_COLUMN,b2c736c410,expected column b2c736
HN_5_4_253,CHAR_MISSING_COLUMN,b2c747c411,expected column b2c747
HN_5_4_253,CHAR_MISSING_COLUMN,b2c747c412,expected column b2c747
HN_5_4_253,CHAR_MISSING_COLUMN,b2c747c413,expected column b2c747
HN_5_4_253,CHAR_MISSING_COLUMN,b2c747c414,expected column b2c747
HN_5_4_253,CHAR_MISSING_COLUMN,b2c747c415,expected column b2c747
HN_5_4_253,CHAR_MISSING_COLUMN,b2c747c416,expected column b2c747
HN_5_4_253,CHAR_MISSING_COLUMN,b2c747c417,expected column b2c747
HN_5_4_253,CHAR_MISSING_COLUMN,b2c747c418,expected column b2c747
HN_5_4_253,CHAR_MISSING_COLUMN,b2c747c419,expected column b2c747
HN_5_4_253,CHAR_MISSING_COLUMN,b2c747c420,expected column b2c747
HN_5_4_253,CHAR_MISSING_COLUMN,b2c747c421,expected column b2c747
HN_5_4_253,CHAR_MISSING_COLUMN,b2c765c422,expected column b2c765
HN_5_4_253,CHAR_MISSING_COLUMN,b2c765c423,expected column b2c765
HN_5_4_253,CHAR_MISSING_COLUMN,b2c765c424,expected column b2c765
HN_5_4_253,CHAR_MISSING_COLUMN,b2c765c425,expected column b2c765
HN_5_4_253,CHAR_MISSING_COLUMN,b2c765c426,expected column b2c765
HN_5_4_253,CHAR_MISSING_COLUMN,b2c765c427,expected column b2c765
HN_5_4_253,CHAR_MISSING_COLUMN,b2c765c428,expected column b2c765
HN_5_4_253,CHAR_MISSING_COLUMN,b2c765c429,expected column b2c765
HN_5_4_253,CHAR_MISSING_COLUMN,b2c765c430,expected column b2c765
HN_5_4_253,CHAR_MISSING_COLUMN,b2c765c431,expected column b2c765
HN_5_4_253,CHAR_MISSING_COLUMN,b2c765c432,expected column b2c765
HN_5_4_253,CHAR_MISSING_COLUMN,b2c765c433,expected column b2c765
HN_5_4_253,CHAR_MISSING_COLUMN,b2c765c434,expected column b2c765
HN_5_4_253,CHAR_MISSING_COLUMN,b2c765c435,expected column b2c765
HN_5_4_253,CHAR_MISSING_COLUMN,b2c765c436,expected column b2c765
HN_5_4_253,CHAR_MISSING_COLUMN,b2c765c437,expected column b2c765
HN_5_4_253,CHAR_MISSING_COLUMN,b2c765c438,expected column b2c765
HN_5_4_253,CHAR_MISSING_COLUMN,b2c765c439,expected column b2c765
HN_5_4_253,CHAR_MISSING_COLUMN,b2c777c231,expected column b2c777
HN_5_4_253,CHAR_MISSING_COLUMN,b2c777c232,expected column b2c777
HN_5_4_253,CHAR_MISSING_COLUMN,b2c777c233,expected column b2c777
HN_5_4_253,CHAR_MISSING_COLUMN,b2c777c234,expected column b2c777
HN_5_4_253,CHAR_MISSING_COLUMN,b2c777c440,expected column b2c777
HN_5_4_253,CHAR_MISSING_COLUMN,b2c777c441,expected column b2c777
HN_5_4_253,CHAR_MISSING_COLUMN,b2c777c442,expected column b2c777
HN_5_4_253,CHAR_MISSING_COLUMN,b2c777c443,expected column b2c777
HN_5_4_253,CHAR_MISSING_COLUMN,b2c777c444,expected column b2c777
HN_5_4_253,CHAR_MISSING_COLUMN,b2c777c445,expected column b2c777
HN_5_4_253,CHAR_MISSING_COLUMN,b2c777c446,expected column b2c777
HN_5_4_253,CHAR_MISSING_COLUMN,b2c777c447,expected column b2c777
HN_5_4_253,CHAR_MISSING_COLUMN,b2c777c448,expected column b2c777
HN_5_4_253,CHAR_MISSING_COLUMN,b2c777c449,expected column b2c777
HN_5_4_253,CHAR_MISSING_COLUMN,b2c777c450,expected column b2c777
HN_5_4_253,CHAR_MISSING_COLUMN,b2c777c451,expected column b2c777
QL_121_283,CHAR_MISSING_COLUMN,b2c39c1,expected column b2c39
HW_222_349,COLUMN_MISSING_BLOCK,b1c1,expected block b1
HW_222_411,COLUMN_MISSING_BLOCK,b1c1,expected block b1
FZ_1_89_18,COLUMN_MISSING_BLOCK,b1c1,expected block b1
FZ_1_291_17,COLUMN_MISSING_BLOCK,b1c1,expected block b1
FZ_1_304_15,COLUMN_MISSING_BLOCK,b1c1,expected block b1
FZ_1_395_19,COLUMN_MISSING_BLOCK,b2c1,expected block b2
FZ_1_528_18,CHAR_MISSING_COLUMN,b2c26c1,expected column b2c26
FZ_1_528_18,CHAR_MISSING_COLUMN,b2c26c2,expected column b2c26
FZ_1_528_18,CHAR_MISSING_COLUMN,b2c26c3,expected column b2c26
FZ_1_528_18,CHAR_MISSING_COLUMN,b2c26c4,expected column b2c26
FZ_1_528_18,CHAR_MISSING_COLUMN,b2c26c5,expected column b2c26
FZ_1_528_18,CHAR_MISSING_COLUMN,b2c26c6,expected column b2c26
FZ_1_528_18,CHAR_MISSING_COLUMN,b2c26c7,expected column b2c26
FZ_1_528_18,CHAR_MISSING_COLUMN,b2c26c8,expected column b2c26
FZ_1_528_18,CHAR_MISSING_COLUMN,b2c26c9,expected column b2c26
FZ_1_599_10,COLUMN_MISSING_BLOCK,b1c1,expected block b1
FZ_6_4_5,CHAR_MISSING_COLUMN,b1c3c1,expected column b1c3
FZ_6_4_5,CHAR_MISSING_COLUMN,b1c3c2,expected column b1c3
FZ_23_105_14,COLUMN_MISSING_BLOCK,b1c1,expected block b1
FZ_23_106_12,COLUMN_MISSING_BLOCK,b1c1,expected block b1
FZ_81_12_2,COLUMN_MISSING_BLOCK,b1c1,expected block b1
FZ_82_29_4,CHAR_MISSING_COLUMN,b1c24c1,expected column b1c24
FZ_82_29_4,CHAR_MISSING_COLUMN,b1c24c2,expected column b1c24
FZ_82_29_4,CHAR_MISSING_COLUMN,b1c24c3,expected column b1c24
FZ_82_29_4,CHAR_MISSING_COLUMN,b1c24c4,expected column b1c24
FZ_82_29_4,CHAR_MISSING_COLUMN,b1c24c5,expected column b1c24
FZ_82_29_4,CHAR_MISSING_COLUMN,b1c24c6,expected column b1c24
FZ_82_29_4,CHAR_MISSING_COLUMN,b1c24c7,expected column b1c24
FZ_82_29_4,CHAR_MISSING_COLUMN,b1c24c8,expected column b1c24
FZ_910_25_15,CHAR_MISSING_COLUMN,b1c25c5,expected column b1c25
FZ_1080_17_11,CHAR_MISSING_COLUMN,b1c24c1,expected column b1c24
FZ_1080_17_11,CHAR_MISSING_COLUMN,b1c24c2,expected column b1c24
FZ_1080_17_11,CHAR_MISSING_COLUMN,b1c24c3,expected column b1c24
FZ_1080_17_11,CHAR_MISSING_COLUMN,b1c24c4,expected column b1c24
FZ_1080_17_11,CHAR_MISSING_COLUMN,b1c24c5,expected column b1c24
FZ_1080_17_11,CHAR_MISSING_COLUMN,b1c24c6,expected column b1c24
FZ_1080_17_11,CHAR_MISSING_COLUMN,b1c24c7,expected column b1c24
FZ_1080_17_11,CHAR_MISSING_COLUMN,b1c24c8,expected column b1c24
FZ_1080_17_11,CHAR_MISSING_COLUMN,b1c24c9,expected column b1c24
FZ_1080_17_11,CHAR_MISSING_COLUMN,b1c24c10,expected column b1c24
FZ_1080_17_11,CHAR_MISSING_COLUMN,b1c24c11,expected column b1c24
FZ_1080_17_11,CHAR_MISSING_COLUMN,b1c24c12,expected column b1c24
FZ_1080_17_11,CHAR_MISSING_COLUMN,b1c24c13,expected column b1c24
FZ_502_1_1,CHAR_MISSING_COLUMN,b1c1c1,expected column b1c1
FZ_502_1_1,CHAR_MISSING_COLUMN,b1c1c2,expected column b1c1
